serial;serial_norm;relation_type;color;cycle_id;points_used;slope_pct_per_day;level_now_pct;days_left_est;last_seen;stockout_date;offset_days;reorder_date;should_order_now;rs_n_cycles;rs_mean_cycle_len_days;rs_max_cycle_len_days;rs_last_seen;rs_last_reset;rs_days_since_last_reset;rs_has_reset;us_mean_daily_pct_drop;us_median_daily_pct_drop;us_peak_daily_pct_drop;us_mean_pct_drop_per_cycle;us_has_usage_data;m_total_pages;m_n_records;m_ratio_color;m_ratio_a3;m_daily_mean;m_daily_std;m_total_pages_last30;m_total_pages_last7;month;dayofweek;week;ml_offset_days_v21;last_seen_dt;stockout_date_ml_v21;days_left_ml_v21;reference_date;days_left_v21
$$;$$;contrat_adex;black;130;52;-876.5732;0.0;0.0;2026-01-25 14:41:00;2026-01-25;0;2026-01-25;True;131;9.419847328244275;996;2026-01-25 14:41:00;2026-01-25 14:13:00;0.0;1;0.0;0.0;0.0;85.22900763358778;1.0;;;;;;;;;1;6;4;0.0034996981;2026-01-25 14:41:00;2026-01-25 00:05:02.373918146;0.0;2026-01-25 14:41:00;0.0
$$;$$;contrat_adex;cyan;133;125;-5.3618;0.0;0.0;2026-01-25 14:41:00;2026-01-25;1;2026-01-24;True;134;9.074626865671641;665;2026-01-25 14:41:00;2026-01-23 20:50:00;1.0;1;0.0;0.0;0.0;84.04477611940298;1.0;;;;;;;;;1;6;4;0.97819686;2026-01-25 14:41:00;2026-01-25 23:28:36.208648678;0.0;2026-01-25 14:41:00;0.0
$$;$$;contrat_adex;magenta;137;125;-5.3618;0.0;0.0;2026-01-25 14:41:00;2026-01-25;-8;2026-02-02;True;138;8.833333333333334;665;2026-01-25 14:41:00;2026-01-23 20:50:00;1.0;1;0.0;0.0;0.0;83.92753623188406;1.0;;;;;;;;;1;6;4;-7.9968367;2026-01-25 14:41:00;2026-01-17 00:04:33.312377928;0.0;2026-01-25 14:41:00;0.0
$$;$$;contrat_adex;yellow;140;125;-5.4196;0.0;0.0;2026-01-25 14:41:00;2026-01-25;-11;2026-02-05;False;141;8.666666666666666;665;2026-01-25 14:41:00;2026-01-23 20:50:00;1.0;1;0.0;0.0;0.0;83.46099290780141;1.0;;;;;;;;;1;6;4;-10.988941;2026-01-25 14:41:00;2026-01-14 00:15:55.480957028;0.0;2026-01-25 14:41:00;0.0
$115552$;$115552$;contrat_adex;magenta;1;29;-1.2278;2.0;1.6;2026-01-25 14:33:00;2026-01-27;-8;2026-02-04;False;2;232.5;461;2026-01-25 14:33:00;2024-10-21 14:36:00;460.0;1;0.24078624078624078;0.0;20.0;49.0;1.0;;;;;;;;;1;6;4;-7.19187;2026-01-25 14:33:00;2026-01-19 19:23:42.413635257;0.0;2026-01-25 14:33:00;0.0
$196103$;$196103$;contrat_adex;yellow;7;9;-4.6719;50.0;10.7;2026-01-25 14:42:00;2026-02-05;-11;2026-02-16;False;8;3.0;9;2026-01-25 14:42:00;2026-01-21 14:42:00;4.0;1;27.857142857142858;25.0;60.0;46.25;1.0;;;;;;;;;1;6;4;-10.679931;2026-01-25 14:42:00;2026-01-25 07:40:53.988647460;0.0;2026-01-25 14:42:00;0.0
$196105$;$196105$;contrat_adex;magenta;7;9;-5.0;50.0;10.0;2026-01-25 14:42:00;2026-02-04;-8;2026-02-12;False;8;3.125;8;2026-01-25 14:42:00;2026-01-21 14:42:00;4.0;1;35.625;50.0;60.0;46.25;1.0;;;;;;;;;1;6;4;-8.154482;2026-01-25 14:42:00;2026-01-26 20:17:32.764892577;1.0;2026-01-25 14:42:00;0.0
$210239$;$210239$;contrat_adex;black;2;29;-0.3427;1.0;2.9;2026-01-25 14:38:00;2026-01-28;0;2026-01-28;True;3;67.66666666666667;159;2026-01-25 14:38:00;2025-08-20 14:38:00;158.0;1;0.9481865284974094;0.0;42.0;62.0;1.0;;;;;;;;;1;6;4;-0.9841885;2026-01-25 14:38:00;2026-01-27 00:22:46.113853455;1.0;2026-01-25 14:38:00;1.0
$3392613691$;$3392613691$;contrat_adex;black;1;355;-0.7225;24.0;33.2;2025-02-28 13:06:00;2025-04-02;0;2025-04-02;False;2;322.5;586;2025-02-28 13:06:00;2024-12-31 14:38:00;58.0;1;0.08415841584158416;0.0;4.0;24.0;1.0;;;;;;;;;2;4;9;-0.44735804;2025-02-28 13:06:00;2025-04-01 13:15:48.265171054;32.0;2025-02-28 13:06:00;0.0
$3392613691$;$3392613691$;contrat_adex;cyan;1;355;-0.5651;82.0;145.1;2025-02-28 13:06:00;2025-07-23;1;2025-07-22;False;2;322.5;610;2025-02-28 13:06:00;2025-01-24 14:37:00;34.0;1;0.05408388520971302;0.0;3.0;9.0;1.0;;;;;;;;;2;4;9;0.73348063;2025-02-28 13:06:00;2025-07-23 17:36:12.726631160;145.0;2025-02-28 13:06:00;0.0
$3392613691$;$3392613691$;contrat_adex;magenta;1;355;-0.3811;74.0;194.2;2025-02-28 13:06:00;2025-09-10;-8;2025-09-18;False;2;322.5;594;2025-02-28 13:06:00;2025-01-08 14:38:00;50.0;1;0.05077262693156733;0.0;3.0;13.0;1.0;;;;;;;;;2;4;9;-6.9832706;2025-02-28 13:06:00;2025-09-03 00:24:05.416259766;186.0;2025-02-28 13:06:00;0.0
$3392613934$;$3392613934$;contrat_adex;black;1;352;-0.4381;81.0;184.9;2025-03-03 11:12:00;2025-09-04;0;2025-09-04;False;2;321.5;609;2025-03-03 11:12:00;2025-01-28 14:34:00;33.0;1;0.06051873198847262;0.0;3.0;9.5;1.0;;;;;;;;;3;0;10;-0.77525276;2025-03-03 11:12:00;2025-09-03 05:23:38.161582950;183.0;2025-03-03 11:12:00;0.0
$3392613934$;$3392613934$;contrat_adex;cyan;1;352;-0.4738;50.0;105.5;2025-03-03 11:12:00;2025-06-16;1;2025-06-15;False;2;321.5;581;2025-03-03 11:12:00;2024-12-31 14:33:00;61.0;1;0.06340057636887608;0.0;2.0;15.0;1.0;;;;;;;;;3;0;10;-0.6913354;2025-03-03 11:12:00;2025-06-15 07:24:28.623161313;103.0;2025-03-03 11:12:00;0.0
$3392613934$;$3392613934$;contrat_adex;magenta;0;352;-0.3668;22.0;60.0;2025-03-03 11:12:00;2025-05-02;-8;2025-05-10;False;1;643.0;643;2025-03-03 11:12:00;;;0;0.043227665706051875;0.0;2.0;0.0;1.0;;;;;;;;;3;0;10;-8.706784;2025-03-03 11:12:00;2025-04-23 07:02:13.840942379;50.0;2025-03-03 11:12:00;0.0
$3392613934$;$3392613934$;contrat_adex;yellow;1;352;-0.3348;57.0;170.2;2025-03-03 11:12:00;2025-08-20;-11;2025-08-31;False;2;321.5;581;2025-03-03 11:12:00;2024-12-31 14:33:00;61.0;1;0.040345821325648415;0.0;2.0;10.5;1.0;;;;;;;;;3;0;10;-9.300631;2025-03-03 11:12:00;2025-08-10 16:47:05.518798829;160.0;2025-03-03 11:12:00;0.0
$35N00738$;$35N00738$;contrat_adex;black;10;28;-1.7384;17.0;9.8;2026-01-25 14:45:00;2026-02-04;0;2026-02-04;False;11;79.18181818181819;167;2026-01-25 14:45:00;2025-11-25 14:15:00;61.0;1;1.137239979705733;0.0;18.0;79.63636363636364;1.0;;;;;;;;;1;6;4;-0.34902018;2026-01-25 14:45:00;2026-02-03 15:37:24.656181336;9.0;2026-01-25 14:45:00;8.0
$35N00738$;$35N00738$;contrat_adex;yellow;10;28;-1.6353;18.0;11.0;2026-01-25 14:45:00;2026-02-05;-11;2026-02-16;False;11;78.9090909090909;162;2026-01-25 14:45:00;2025-11-20 14:45:00;66.0;1;1.1116615853658536;0.0;19.0;78.72727272727273;1.0;;;;;;;;;1;6;4;-10.545882;2026-01-25 14:45:00;2026-01-25 10:53:55.775756838;0.0;2026-01-25 14:45:00;0.0
$3712067488$;$3712067488$;contrat_adex;cyan;0;15;-0.2738;1.0;3.7;2026-01-25 14:22:00;2026-01-29;1;2026-01-28;True;1;15.0;15;2026-01-25 14:22:00;;;0;0.38461538461538464;0.0;3.0;0.0;1.0;;;;;;;;;1;6;4;-2.7840188;2026-01-25 14:22:00;2026-01-26 05:11:00.779571534;0.0;2026-01-25 14:22:00;0.0
$3712398760$;$3712398760$;contrat_adex;black;1;328;-0.1379;96.0;300.0;2025-03-27 11:02:00;2026-01-21;0;2026-01-21;False;2;337.0;637;2025-03-27 11:02:00;2025-02-18 14:34:00;36.0;1;0.06888888888888889;0.0;6.0;2.0;1.0;;;;;;;;;3;3;13;-0.3424979;2025-03-27 11:02:00;2026-01-20 15:46:48.182716370;299.0;2025-03-27 11:02:00;0.0
$3712398760$;$3712398760$;contrat_adex;cyan;0;328;-0.4947;18.0;36.4;2025-03-27 11:02:00;2025-05-02;1;2025-05-01;False;1;675.0;675;2025-03-27 11:02:00;;;0;0.061946902654867256;0.0;4.0;0.0;1.0;;;;;;;;;3;3;13;-3.9080634;2025-03-27 11:02:00;2025-04-28 02:12:23.321228032;31.0;2025-03-27 11:02:00;0.0
$3712398760$;$3712398760$;contrat_adex;magenta;0;328;-0.2577;17.0;66.0;2025-03-27 11:02:00;2025-06-01;-8;2025-06-09;False;1;675.0;675;2025-03-27 11:02:00;;;0;0.03982300884955752;0.0;1.0;0.0;1.0;;;;;;;;;3;3;13;-9.296099;2025-03-27 11:02:00;2025-05-22 16:53:37.071533208;56.0;2025-03-27 11:02:00;0.0
$3712398760$;$3712398760$;contrat_adex;yellow;0;328;-0.2716;42.0;154.6;2025-03-27 11:02:00;2025-08-29;-11;2025-09-09;False;1;675.0;675;2025-03-27 11:02:00;;;0;0.06415929203539823;0.0;2.0;0.0;1.0;;;;;;;;;3;3;13;-10.49723;2025-03-27 11:02:00;2025-08-18 12:03:59.364624027;144.0;2025-03-27 11:02:00;0.0
$3712441720$;$3712441720$;contrat_adex;cyan;0;26;-0.5096;8.0;15.7;2026-01-23 17:01:00;2026-02-08;1;2026-02-07;False;1;95.0;95;2026-01-23 17:01:00;;;0;0.6510869565217391;1.0;2.0;48.0;1.0;;;;;;;;;1;4;4;-2.5656755;2026-01-23 17:01:00;2026-02-05 10:25:25.637054440;12.0;2026-01-23 17:01:00;10.0
$3712441720$;$3712441720$;contrat_adex;magenta;0;26;-0.6488;3.0;4.6;2026-01-23 17:01:00;2026-01-28;-8;2026-02-05;False;1;95.0;95;2026-01-23 17:01:00;;;0;0.7318840579710144;1.0;2.0;56.0;1.0;;;;;;;;;1;4;4;-4.2485857;2026-01-23 17:01:00;2026-01-23 18:02:02.195434568;0.0;2026-01-23 17:01:00;0.0
$3717194070$;$3717194070$;contrat_adex;magenta;1;29;-0.9241;16.0;17.3;2026-01-25 14:43:00;2026-02-11;-8;2026-02-19;False;2;87.0;100;2026-01-25 14:43:00;2025-10-18 14:43:00;99.0;1;0.8855421686746988;0.0;18.0;77.0;1.0;;;;;;;;;1;6;4;-8.588357;2026-01-25 14:43:00;2026-02-02 09:52:45.957641604;7.0;2026-01-25 14:43:00;7.0
$3717195336$;$3717195336$;contrat_adex;cyan;0;117;-0.1036;1.0;9.7;2025-10-27 09:45:00;2025-11-06;1;2025-11-05;False;1;83.0;83;2025-10-27 09:45:00;;;0;0.13666666666666666;0.0;1.0;0.0;1.0;;;;;;;;;10;0;44;-2.3522005;2025-10-27 09:45:00;2025-11-03 15:32:49.876098631;7.0;2025-10-27 09:45:00;0.0
$3717198289$;$3717198289$;contrat_adex;yellow;0;26;-0.4527;0.0;0.0;2026-01-23 16:15:00;2026-01-23;-11;2026-02-03;False;1;172.0;172;2026-01-23 16:15:00;;;0;0.2797858099062918;0.0;2.0;0.0;1.0;;;;;;;;;1;4;4;-8.997121;2026-01-23 16:15:00;2026-01-14 00:04:08.757934568;0.0;2026-01-23 16:15:00;0.0
$3717198351$;$3717198351$;contrat_adex;yellow;0;100;-0.1755;6.0;34.2;2025-11-13 09:59:00;2025-12-17;-11;2025-12-28;False;1;28.0;28;2025-11-13 09:59:00;;;0;0.2222222222222222;0.0;2.0;4.0;1.0;;;;;;;;;11;3;46;-4.1576834;2025-11-13 09:59:00;2025-12-12 20:12:56.156616208;29.0;2025-11-13 09:59:00;0.0
$3774282970$;$3774282970$;contrat_adex;magenta;0;29;-0.2039;0.0;0.0;2026-01-25 14:18:00;2026-01-25;-8;2026-02-02;True;1;117.0;117;2026-01-25 14:18:00;;;0;0.43805309734513276;0.0;5.0;0.0;1.0;;;;;;;;;1;6;4;-7.512603;2026-01-25 14:18:00;2026-01-17 11:41:51.117553712;0.0;2026-01-25 14:18:00;0.0
$3774381367$;$3774381367$;contrat_adex;black;1;29;-0.6188;4.0;6.5;2026-01-25 14:18:00;2026-02-01;0;2026-02-01;True;2;58.5;115;2026-01-25 14:18:00;2025-10-03 14:18:00;114.0;1;0.7053571428571429;1.0;2.0;40.0;1.0;;;;;;;;;1;6;4;-0.5462972;2026-01-25 14:18:00;2026-01-31 10:53:19.922561650;5.0;2026-01-25 14:18:00;5.0
$3774381367$;$3774381367$;contrat_adex;yellow;1;29;-0.5372;5.0;9.3;2026-01-25 14:18:00;2026-02-03;-11;2026-02-14;False;2;58.5;106;2026-01-25 14:18:00;2025-10-12 14:18:00;105.0;1;0.9594594594594594;1.0;3.0;47.5;1.0;;;;;;;;;1;6;4;-7.8164487;2026-01-25 14:18:00;2026-01-26 04:24:18.833312987;0.0;2026-01-25 14:18:00;0.0
$3775929730$;$3775929730$;contrat_adex;cyan;1;19;-1.0638;10.0;9.4;2026-01-23 17:31:00;2026-02-02;1;2026-02-01;False;2;428.0;748;2026-01-23 17:31:00;2025-10-08 14:31:00;107.0;1;0.17082005215879453;0.0;3.0;45.0;1.0;;;;;;;;;1;4;4;-0.978363;2026-01-23 17:31:00;2026-02-01 00:31:09.438743594;8.0;2026-01-23 17:31:00;6.0
$3916893875$;$3916893875$;contrat_adex;cyan;1;29;-0.8124;10.0;12.3;2026-01-25 14:18:00;2026-02-06;1;2026-02-05;False;2;69.0;109;2026-01-25 14:18:00;2025-10-09 14:18:00;108.0;1;0.7633587786259542;0.0;10.0;50.0;1.0;;;;;;;;;1;6;4;-1.5797951;2026-01-25 14:18:00;2026-02-04 10:05:05.701446534;9.0;2026-01-25 14:18:00;9.0
$3942059506$;$3942059506$;contrat_adex;cyan;0;100;-0.2378;18.0;75.7;2025-11-13 10:29:00;2026-01-28;1;2026-01-27;False;1;28.0;28;2025-11-13 10:29:00;;;0;0.25;0.0;2.0;6.0;1.0;;;;;;;;;11;3;46;-4.6340137;2025-11-13 10:29:00;2026-01-23 08:47:01.220397951;70.0;2025-11-13 10:29:00;0.0
$3942059506$;$3942059506$;contrat_adex;magenta;0;100;-0.2384;9.0;37.7;2025-11-13 10:29:00;2025-12-21;-8;2025-12-29;False;1;28.0;28;2025-11-13 10:29:00;;;0;0.2777777777777778;0.0;1.0;7.0;1.0;;;;;;;;;11;3;46;-4.303417;2025-11-13 10:29:00;2025-12-16 16:43:04.753417973;33.0;2025-11-13 10:29:00;0.0
$3942059506$;$3942059506$;contrat_adex;yellow;0;100;-0.2613;21.0;80.4;2025-11-13 10:29:00;2026-02-01;-11;2026-02-12;False;1;28.0;28;2025-11-13 10:29:00;;;0;0.3055555555555556;0.0;1.0;7.0;1.0;;;;;;;;;11;3;46;-4.4423532;2025-11-13 10:29:00;2026-01-27 13:23:00.679321289;75.0;2025-11-13 10:29:00;1.0
$3990261589$;$3990261589$;contrat_adex;cyan;0;19;-1.572;14.0;8.9;2026-01-23 13:35:00;2026-02-01;1;2026-01-31;True;1;114.0;114;2026-01-23 13:35:00;;;0;0.6707317073170732;0.0;21.0;0.0;1.0;;;;;;;;;1;4;4;-4.5394435;2026-01-23 13:35:00;2026-01-27 11:03:12.082214356;3.0;2026-01-23 13:35:00;1.0
$3MU04986$;$3MU04986$;contrat_adex;yellow;3;501;-1.8197;77.0;42.3;2025-05-30 14:54:00;2025-07-11;-11;2025-07-22;False;4;202.25;424;2025-05-30 14:54:00;2025-04-11 14:45:00;49.0;1;0.11428571428571428;0.0;3.0;49.5;1.0;;;;;;;;;5;4;22;-9.601801;2025-05-30 14:54:00;2025-07-01 09:33:24.400634766;31.0;2025-05-30 14:54:00;0.0
$3MV01317$;$3MV01317$;contrat_adex;black;3;28;-0.5746;2.0;3.5;2026-01-25 14:45:00;2026-01-29;0;2026-01-29;True;4;218.0;607;2026-01-25 14:45:00;2025-10-03 14:45:00;114.0;1;0.3328677839851024;0.0;9.0;70.5;1.0;;;;;;;;;1;6;4;-0.51706785;2026-01-25 14:45:00;2026-01-28 11:35:25.337791441;2.0;2026-01-25 14:45:00;2.0
$3NP03076$;$3NP03076$;contrat_adex;cyan;1;257;-0.3043;47.0;154.5;2025-06-09 10:42:00;2025-11-10;1;2025-11-09;False;2;443.0;760;2025-06-09 10:42:00;2025-02-03 14:42:00;125.0;1;0.18015170670037928;0.0;7.0;75.5;1.0;;;;;;;;;6;0;24;-0.93084925;2025-06-09 10:42:00;2025-11-09 01:39:34.624443056;152.0;2025-06-09 10:42:00;0.0
$3NP03120$;$3NP03120$;contrat_adex;black;3;327;-0.3688;2.0;5.4;2025-03-28 08:32:00;2025-04-02;0;2025-04-02;True;4;192.5;316;2025-03-28 08:32:00;2024-10-08 14:37:00;170.0;1;0.5785103946441156;0.0;100.0;98.5;1.0;;;;;;;;;3;4;13;-0.04881239;2025-03-28 08:32:00;2025-04-01 22:49:42.609558104;4.0;2025-03-28 08:32:00;0.0
$3NP03120$;$3NP03120$;contrat_adex;cyan;2;327;-0.3995;50.0;125.1;2025-03-28 08:32:00;2025-07-31;1;2025-07-30;False;3;259.3333333333333;380;2025-03-28 08:32:00;2024-11-18 14:37:00;129.0;1;0.17653127014829142;0.0;8.0;76.33333333333333;1.0;;;;;;;;;3;4;13;-1.0256132;2025-03-28 08:32:00;2025-07-29 23:23:07.020492553;123.0;2025-03-28 08:32:00;0.0
$3NP03120$;$3NP03120$;contrat_adex;magenta;2;327;-0.3746;57.0;152.2;2025-03-28 08:32:00;2025-08-27;-8;2025-09-04;False;3;259.6666666666667;380;2025-03-28 08:32:00;2024-11-20 14:37:00;127.0;1;0.16946837817244007;0.0;7.0;74.66666666666667;1.0;;;;;;;;;3;4;13;-7.0304375;2025-03-28 08:32:00;2025-08-19 23:16:10.202636721;144.0;2025-03-28 08:32:00;0.0
$3NP03120$;$3NP03120$;contrat_adex;yellow;2;327;-0.3296;84.0;254.8;2025-03-28 08:32:00;2025-12-08;-11;2025-12-19;False;3;259.6666666666667;380;2025-03-28 08:32:00;2025-02-08 14:32:00;47.0;1;0.142518023562511;0.0;7.0;71.66666666666667;1.0;;;;;;;;;3;4;13;-9.327448;2025-03-28 08:32:00;2025-11-28 16:08:28.502197262;245.0;2025-03-28 08:32:00;0.0
$3TE05641$;$3TE05641$;contrat_adex;black;1;555;-0.501;49.0;97.8;2024-08-14 10:14:00;2024-11-20;0;2024-11-20;False;2;125.5;141;2024-08-14 10:14:00;2024-04-26 14:44:00;109.0;1;0.48237885462555063;0.0;4.0;59.0;1.0;;;;;;;;;8;2;33;-1.655134;2024-08-14 10:14:00;2024-11-18 08:16:36.425628665;95.0;2024-08-14 10:14:00;0.0
$3TE05641$;$3TE05641$;contrat_adex;cyan;0;555;-0.161;66.0;300.0;2024-08-14 10:14:00;2025-06-10;1;2025-06-09;False;1;251.0;251;2024-08-14 10:14:00;;;0;0.11842105263157894;0.0;2.0;28.0;1.0;;;;;;;;;8;2;33;-6.3555484;2024-08-14 10:14:00;2025-06-03 15:28:00.619812014;293.0;2024-08-14 10:14:00;0.0
$3TE05641$;$3TE05641$;contrat_adex;magenta;0;555;-0.1269;64.0;300.0;2024-08-14 10:14:00;2025-06-10;-8;2025-06-18;False;1;251.0;251;2024-08-14 10:14:00;;;0;0.12280701754385964;0.0;2.0;29.0;1.0;;;;;;;;;8;2;33;-9.811416;2024-08-14 10:14:00;2025-05-31 04:31:33.685913090;289.0;2024-08-14 10:14:00;0.0
$3TE05641$;$3TE05641$;contrat_adex;yellow;0;555;-0.1745;61.0;300.0;2024-08-14 10:14:00;2025-06-10;-11;2025-06-21;False;1;251.0;251;2024-08-14 10:14:00;;;0;0.12719298245614036;0.0;2.0;31.0;1.0;;;;;;;;;8;2;33;-7.7492685;2024-08-14 10:14:00;2025-06-02 06:01:03.198852541;291.0;2024-08-14 10:14:00;0.0
$4BU06875$;$4BU06875$;contrat_adex;black;6;39;-0.5144;3.0;5.8;2026-01-13 19:01:00;2026-01-19;0;2026-01-19;True;7;144.85714285714286;344;2026-01-13 19:01:00;2025-10-28 14:21:00;77.0;1;1.2857839982839985;1.0;10.0;83.71428571428571;1.0;;;;;;;;;1;1;3;0.28313088;2026-01-13 19:01:00;2026-01-19 06:47:42.508392331;5.0;2026-01-13 19:01:00;0.0
$660892$;$660892$;contrat_adex;black;1;19;-0.5605;5.0;8.9;2026-01-23 10:11:00;2026-02-01;0;2026-02-01;False;2;74.0;147;2026-01-23 10:11:00;2025-08-29 14:11:00;146.0;1;0.8342995169082126;0.5;8.0;46.5;1.0;;;;;;;;;1;4;4;-0.8744086;2026-01-23 10:11:00;2026-01-31 03:00:51.096725468;7.0;2026-01-23 10:11:00;5.0
$JPBVJDM0SF$;$JPBVJDM0SF$;contrat_adex;black;4;481;-1.8631;0.0;0.0;2024-10-25 11:40:00;2024-10-25;0;2024-10-25;True;5;70.0;119;2024-10-25 11:40:00;2024-07-25 14:30:00;91.0;1;1.0904518950437319;1.0;17.0;70.6;1.0;;;;;;;;;10;4;43;-0.51432055;2024-10-25 11:40:00;2024-10-24 11:39:22.704277038;0.0;2024-10-25 11:40:00;0.0
$JPBVJDM0SF$;$JPBVJDM0SF$;contrat_adex;cyan;3;481;-1.0706;29.0;27.1;2024-10-25 11:40:00;2024-11-21;1;2024-11-20;False;4;87.5;136;2024-10-25 11:40:00;2024-07-25 14:30:00;91.0;1;0.771452784503632;0.0;10.0;63.75;1.0;;;;;;;;;10;4;43;0.0848863;2024-10-25 11:40:00;2024-11-21 02:02:14.176111223;26.0;2024-10-25 11:40:00;0.0
$JPBVJDM0SF$;$JPBVJDM0SF$;contrat_adex;magenta;2;481;-0.1348;0.0;0.0;2024-10-25 11:40:00;2024-10-25;-8;2024-11-02;True;3;116.66666666666667;185;2024-10-25 11:40:00;2024-04-23 14:30:00;184.0;1;0.6119208494208495;0.0;6.0;66.0;1.0;;;;;;;;;10;4;43;-5.4358125;2024-10-25 11:40:00;2024-10-19 13:32:25.802307131;0.0;2024-10-25 11:40:00;0.0
$JPBVJDM0SF$;$JPBVJDM0SF$;contrat_adex;yellow;3;481;-2.1466;0.0;0.0;2024-10-25 11:40:00;2024-10-25;-11;2024-11-05;False;4;87.5;136;2024-10-25 11:40:00;2024-07-25 14:30:00;91.0;1;0.8656900726392251;1.0;17.0;70.5;1.0;;;;;;;;;10;4;43;-8.1591;2024-10-25 11:40:00;2024-10-16 20:10:53.796386721;0.0;2024-10-25 11:40:00;0.0
$JPBVK2604K$;$JPBVK2604K$;contrat_adex;black;2;380;-2.6415;13.0;4.9;2025-02-03 14:30:00;2025-02-08;0;2025-02-08;True;3;150.0;293;2025-02-03 14:30:00;2024-12-21 14:30:00;44.0;1;0.47381546134663344;0.0;22.0;61.666666666666664;1.0;;;;;;;;;2;0;6;-1.3794205;2025-02-03 14:30:00;2025-02-06 14:53:38.067169192;3.0;2025-02-03 14:30:00;0.0
$JPBVK2604K$;$JPBVK2604K$;contrat_adex;cyan;2;380;-1.2291;48.0;39.1;2025-02-03 14:30:00;2025-03-14;1;2025-03-13;False;3;150.0;401;2025-02-03 14:30:00;2024-12-21 14:30:00;44.0;1;0.3283582089552239;0.0;5.0;44.333333333333336;1.0;;;;;;;;;2;0;6;-0.62854683;2025-02-03 14:30:00;2025-03-13 08:54:53.553543092;37.0;2025-02-03 14:30:00;0.0
$JPBVK2604K$;$JPBVK2604K$;contrat_adex;yellow;3;353;-0.8561;97.0;113.3;2025-02-03 14:30:00;2025-05-27;-11;2025-06-07;False;4;112.5;401;2025-02-03 14:30:00;2025-01-31 14:30:00;3.0;1;0.42643391521197005;0.0;50.0;43.0;1.0;;;;;;;;;2;0;6;-10.736809;2025-02-03 14:30:00;2025-05-16 06:18:59.721679685;101.0;2025-02-03 14:30:00;0.0
$JPBVK2604R$;$JPBVK2604R$;contrat_adex;magenta;1;379;-0.1155;43.0;300.0;2025-02-03 15:00:00;2025-11-30;-8;2025-12-08;False;2;129.0;174;2025-02-03 15:00:00;2024-08-14 14:30:00;173.0;1;0.2446351931330472;0.0;4.0;28.5;1.0;;;;;;;;;2;0;6;-6.9375057;2025-02-03 15:00:00;2025-11-23 01:29:59.505615235;292.0;2025-02-03 15:00:00;0.0
$JPBVK2604R$;$JPBVK2604R$;contrat_adex;yellow;1;379;-0.1155;52.0;300.0;2025-02-03 15:00:00;2025-11-30;-11;2025-12-11;False;2;129.0;195;2025-02-03 15:00:00;2024-07-24 14:30:00;194.0;1;0.2543103448275862;0.0;5.0;5.5;1.0;;;;;;;;;2;0;6;-10.30422;2025-02-03 15:00:00;2025-11-19 16:41:55.374755856;289.0;2025-02-03 15:00:00;0.0
$JPBVK2604Z$;$JPBVK2604Z$;contrat_adex;black;2;505;-0.4136;38.0;91.9;2024-10-01 11:40:00;2025-01-01;0;2025-01-01;False;3;108.66666666666667;156;2024-10-01 11:40:00;2024-05-01 14:30:00;152.0;1;0.5083333333333333;0.0;21.0;54.0;1.0;;;;;;;;;10;1;40;-1.3331776;2024-10-01 11:40:00;2024-12-30 16:00:13.458251955;90.0;2024-10-01 11:40:00;0.0
$JPBVK2604Z$;$JPBVK2604Z$;contrat_adex;cyan;2;505;-0.3967;76.0;191.6;2024-10-01 11:40:00;2025-04-11;1;2025-04-10;False;3;109.0;259;2024-10-01 11:40:00;2024-07-29 15:40:00;63.0;1;0.36046511627906974;0.0;22.0;39.666666666666664;1.0;;;;;;;;;10;1;40;-0.25934353;2024-10-01 11:40:00;2025-04-10 17:46:32.718601229;191.0;2024-10-01 11:40:00;0.0
$JPBVK2604Z$;$JPBVK2604Z$;contrat_adex;magenta;2;505;-0.4056;76.0;187.4;2024-10-01 11:40:00;2025-04-06;-8;2025-04-14;False;3;109.0;259;2024-10-01 11:40:00;2024-07-29 15:40:00;63.0;1;0.36046511627906974;0.0;4.0;39.0;1.0;;;;;;;;;10;1;40;-4.0735354;2024-10-01 11:40:00;2025-04-01 22:14:06.537780762;182.0;2024-10-01 11:40:00;0.0
$JPBVK2604Z$;$JPBVK2604Z$;contrat_adex;yellow;2;505;-0.1525;51.0;300.0;2024-10-01 11:40:00;2025-07-28;-11;2025-08-08;False;3;108.66666666666667;169;2024-10-01 11:40:00;2024-05-01 14:30:00;152.0;1;0.44;0.0;31.0;48.333333333333336;1.0;;;;;;;;;10;1;40;-10.289342;2024-10-01 11:40:00;2025-07-17 17:03:20.857543946;289.0;2024-10-01 11:40:00;0.0
$JPBVK360SY$;$JPBVK360SY$;contrat_adex;magenta;1;490;-0.1312;72.0;300.0;2024-10-16 09:00:00;2025-08-12;-8;2025-08-20;False;2;170.5;232;2024-10-16 09:00:00;2024-02-27 14:30:00;231.0;1;0.14968152866242038;0.0;4.0;14.0;1.0;;;;;;;;;10;2;42;-7.4817595;2024-10-16 09:00:00;2025-08-04 12:26:15.975036618;292.0;2024-10-16 09:00:00;0.0
$JPBVK360T1$;$JPBVK360T1$;contrat_adex;black;2;497;-0.3718;81.0;217.9;2024-10-09 09:00:00;2025-05-15;0;2025-05-15;False;3;111.33333333333333;233;2024-10-09 09:00:00;2024-08-01 14:30:00;68.0;1;0.385;0.0;21.0;39.0;1.0;;;;;;;;;10;2;41;-1.285135;2024-10-09 09:00:00;2025-05-13 17:09:24.333343503;216.0;2024-10-09 09:00:00;0.0
$JPBVK360T1$;$JPBVK360T1$;contrat_adex;cyan;3;497;-0.2742;85.0;300.0;2024-10-09 09:00:00;2025-08-05;1;2025-08-04;False;4;83.25;173;2024-10-09 09:00:00;2024-08-01 14:30:00;68.0;1;0.584717607973422;0.0;40.0;46.0;1.0;;;;;;;;;10;2;41;0.9930369;2024-10-09 09:00:00;2025-08-05 23:49:58.390388489;300.0;2024-10-09 09:00:00;0.0
$JPBVK360T1$;$JPBVK360T1$;contrat_adex;magenta;1;497;-0.2918;50.0;171.4;2024-10-09 09:00:00;2025-03-29;-8;2025-04-06;False;2;167.0;194;2024-10-09 09:00:00;2024-03-29 14:30:00;193.0;1;0.3122923588039867;0.0;12.0;25.0;1.0;;;;;;;;;10;2;41;-7.528537;2024-10-09 09:00:00;2025-03-21 11:18:54.420776370;163.0;2024-10-09 09:00:00;0.0
$JPBVK360T1$;$JPBVK360T1$;contrat_adex;yellow;2;497;-2.15;20.0;9.3;2024-10-09 09:00:00;2024-10-18;-11;2024-10-29;False;3;111.33333333333333;170;2024-10-09 09:00:00;2024-04-22 14:30:00;169.0;1;0.4833887043189369;0.0;41.0;50.666666666666664;1.0;;;;;;;;;10;2;41;-8.934878;2024-10-09 09:00:00;2024-10-09 01:33:46.510620118;0.0;2024-10-09 09:00:00;0.0
$JPBVK3N0TP$;$JPBVK3N0TP$;contrat_adex;black;2;490;-0.2383;47.0;197.2;2024-10-16 09:00:00;2025-05-01;0;2025-05-01;False;3;113.66666666666667;176;2024-10-16 09:00:00;2024-04-23 14:30:00;175.0;1;0.45686900958466453;0.0;17.0;48.333333333333336;1.0;;;;;;;;;10;2;42;-0.6427144;2024-10-16 09:00:00;2025-04-30 08:34:29.477462765;195.0;2024-10-16 09:00:00;0.0
$JPBVK3N0TP$;$JPBVK3N0TP$;contrat_adex;cyan;2;490;-0.2225;54.0;242.7;2024-10-16 09:00:00;2025-06-16;1;2025-06-15;False;3;113.66666666666667;176;2024-10-16 09:00:00;2024-04-23 14:30:00;175.0;1;0.34076433121019106;0.0;3.0;38.333333333333336;1.0;;;;;;;;;10;2;42;-1.0211607;2024-10-16 09:00:00;2025-06-14 23:29:31.713638304;241.0;2024-10-16 09:00:00;0.0
$JPBVK3N0TP$;$JPBVK3N0TP$;contrat_adex;magenta;1;490;-0.2217;17.0;76.7;2024-10-16 09:00:00;2025-01-01;-8;2025-01-09;False;2;170.5;260;2024-10-16 09:00:00;2024-01-30 14:30:00;259.0;1;0.32643312101910826;0.0;5.0;41.0;1.0;;;;;;;;;10;2;42;-8.269592;2024-10-16 09:00:00;2024-12-23 17:31:47.226562505;68.0;2024-10-16 09:00:00;0.0
$JPBVK3N0TP$;$JPBVK3N0TP$;contrat_adex;yellow;2;490;-0.2075;89.0;300.0;2024-10-16 09:00:00;2025-08-12;-11;2025-08-23;False;3;113.33333333333333;249;2024-10-16 09:00:00;2024-08-26 14:30:00;50.0;1;0.3258785942492013;0.0;3.0;31.0;1.0;;;;;;;;;10;2;42;-9.086716;2024-10-16 09:00:00;2025-08-02 21:55:07.763671874;290.0;2024-10-16 09:00:00;0.0
$JPBVK460SW$;$JPBVK460SW$;contrat_adex;magenta;0;482;-0.3993;4.0;10.0;2024-10-24 14:00:00;2024-11-03;-8;2024-11-11;False;1;349.0;349;2024-10-24 14:00:00;;;0;0.1388888888888889;0.0;7.0;0.0;1.0;;;;;;;;;10;3;43;-10.140606;2024-10-24 14:00:00;2024-10-23 20:37:31.647949217;0.0;2024-10-24 14:00:00;0.0
$JPBVK460T0$;$JPBVK460T0$;contrat_adex;yellow;2;373;-0.5282;77.0;145.8;2025-02-10 12:00:00;2025-07-06;-11;2025-07-17;False;3;146.33333333333334;322;2025-02-10 12:00:00;2024-12-18 14:30:00;53.0;1;0.38077858880778587;0.0;86.0;39.0;1.0;;;;;;;;;2;0;7;-10.386813;2025-02-10 12:00:00;2025-06-25 14:42:59.342651370;135.0;2025-02-10 12:00:00;0.0
$JPBVK460VK$;$JPBVK460VK$;contrat_adex;black;2;482;-0.2918;50.0;171.3;2024-10-24 14:00:00;2025-04-13;0;2025-04-13;False;3;116.33333333333333;188;2024-10-24 14:00:00;2024-04-19 14:30:00;187.0;1;0.5268987341772152;0.0;54.0;38.333333333333336;1.0;;;;;;;;;10;3;43;-0.47629818;2024-10-24 14:00:00;2025-04-12 12:34:07.836971287;169.0;2024-10-24 14:00:00;0.0
$JPBVK460VK$;$JPBVK460VK$;contrat_adex;cyan;3;461;-0.2644;97.0;300.0;2024-10-24 14:00:00;2025-08-20;1;2025-08-19;False;4;87.25;179;2024-10-24 14:00:00;2024-10-15 14:30:00;8.0;1;0.43829113924050633;0.0;61.0;49.75;1.0;;;;;;;;;10;3;43;1.0459408;2024-10-24 14:00:00;2025-08-21 01:06:09.281387329;300.0;2024-10-24 14:00:00;0.0
$JPBVK460VK$;$JPBVK460VK$;contrat_adex;magenta;1;482;-0.2735;0.0;0.0;2024-10-24 14:00:00;2024-10-24;-8;2024-11-01;True;2;174.5;345;2024-10-24 14:00:00;2023-11-14 14:30:00;344.0;1;0.27672955974842767;0.0;13.0;47.0;1.0;;;;;;;;;10;3;43;-7.1215363;2024-10-24 14:00:00;2024-10-16 21:04:59.267578127;0.0;2024-10-24 14:00:00;0.0
$JPBVK460VK$;$JPBVK460VK$;contrat_adex;yellow;3;461;-0.2644;77.0;291.2;2024-10-24 14:00:00;2025-08-11;-11;2025-08-22;False;4;87.25;246;2024-10-24 14:00:00;2024-10-15 14:30:00;8.0;1;0.5632911392405063;0.0;81.0;46.25;1.0;;;;;;;;;10;3;43;-10.621632;2024-10-24 14:00:00;2025-07-31 09:04:51.027832028;279.0;2024-10-24 14:00:00;0.0
$JPBVK460VN$;$JPBVK460VN$;contrat_adex;black;4;575;-1.2827;96.0;74.8;2024-06-28 09:00:00;2024-09-11;0;2024-09-11;False;5;42.8;85;2024-06-28 09:00:00;2024-06-25 14:30:00;2.0;1;1.1838235294117647;1.0;18.0;48.4;1.0;;;;;;;;;6;4;26;-0.11412447;2024-06-28 09:00:00;2024-09-10 21:15:39.645838734;74.0;2024-06-28 09:00:00;0.0
$JPBVK460VN$;$JPBVK460VN$;contrat_adex;cyan;2;602;-1.0742;12.0;11.2;2024-06-28 09:00:00;2024-07-09;1;2024-07-08;False;3;76.66666666666667;125;2024-06-28 09:00:00;2024-03-18 14:30:00;101.0;1;0.724390243902439;0.0;10.0;57.0;1.0;;;;;;;;;6;4;26;0.13097158;2024-06-28 09:00:00;2024-07-09 03:08:35.944576264;10.0;2024-06-28 09:00:00;0.0
$JPBVK460VN$;$JPBVK460VN$;contrat_adex;magenta;2;594;-0.8566;78.0;91.1;2024-06-28 09:00:00;2024-09-27;-8;2024-10-05;False;3;76.66666666666667;142;2024-06-28 09:00:00;2024-06-06 14:30:00;21.0;1;0.6813725490196079;0.0;9.0;39.666666666666664;1.0;;;;;;;;;6;4;26;-6.7961593;2024-06-28 09:00:00;2024-09-20 04:53:31.839294437;83.0;2024-06-28 09:00:00;0.0
$JPBVK460VN$;$JPBVK460VN$;contrat_adex;yellow;2;575;-20.335;17.0;0.8;2024-06-28 09:00:00;2024-06-29;-11;2024-07-10;False;3;76.66666666666667;137;2024-06-28 09:00:00;2024-06-25 14:30:00;2.0;1;0.9901960784313726;0.0;82.0;61.0;1.0;;;;;;;;;6;4;26;-11.029004;2024-06-28 09:00:00;2024-06-17 23:18:14.046020505;0.0;2024-06-28 09:00:00;0.0
$JPBVK460W4$;$JPBVK460W4$;contrat_adex;black;1;373;-0.3353;7.0;20.9;2025-02-10 11:30:00;2025-03-03;0;2025-03-03;False;2;208.0;340;2025-02-10 11:30:00;2024-03-07 14:30:00;339.0;1;0.25806451612903225;0.0;6.0;49.0;1.0;;;;;;;;;2;0;7;-1.8010433;2025-02-10 11:30:00;2025-03-01 04:46:29.861297611;18.0;2025-02-10 11:30:00;0.0
$JPBVK460W4$;$JPBVK460W4$;contrat_adex;cyan;1;362;-0.3351;93.0;277.5;2025-02-10 11:30:00;2025-11-14;1;2025-11-13;False;2;208.0;397;2025-02-10 11:30:00;2025-01-22 14:30:00;18.0;1;0.1935483870967742;0.0;8.0;37.0;1.0;;;;;;;;;2;0;7;-0.4859944;2025-02-10 11:30:00;2025-11-13 12:20:10.083961488;276.0;2025-02-10 11:30:00;0.0
$JPBVK460W4$;$JPBVK460W4$;contrat_adex;magenta;1;373;-0.4476;84.0;187.7;2025-02-10 11:30:00;2025-08-17;-8;2025-08-25;False;2;208.0;371;2025-02-10 11:30:00;2024-12-27 14:30:00;44.0;1;0.17473118279569894;0.0;4.0;33.0;1.0;;;;;;;;;2;0;7;-6.2808332;2025-02-10 11:30:00;2025-08-10 17:15:36.007690433;181.0;2025-02-10 11:30:00;0.0
$JPBVK460W4$;$JPBVK460W4$;contrat_adex;yellow;1;362;-0.3754;93.0;247.8;2025-02-10 11:30:00;2025-10-16;-11;2025-10-27;False;2;208.0;397;2025-02-10 11:30:00;2025-01-22 14:30:00;18.0;1;0.20161290322580644;0.0;9.0;38.0;1.0;;;;;;;;;2;0;7;-9.117736;2025-02-10 11:30:00;2025-10-06 21:10:27.621459964;238.0;2025-02-10 11:30:00;0.0
$JPBVK460XL$;$JPBVK460XL$;contrat_adex;black;2;725;-1.2948;42.0;32.4;2024-02-09 09:00:00;2024-03-12;0;2024-03-12;False;3;30.333333333333332;45;2024-02-09 09:00:00;2023-12-26 14:30:00;44.0;1;1.4597701149425288;1.0;15.0;42.333333333333336;1.0;;;;;;;;;2;4;6;-0.6993165;2024-02-09 09:00:00;2024-03-11 07:12:59.054260257;30.0;2024-02-09 09:00:00;0.0
$JPBVK460XL$;$JPBVK460XL$;contrat_adex;cyan;1;725;-0.9273;56.0;60.4;2024-02-09 09:00:00;2024-04-09;1;2024-04-08;False;2;45.5;46;2024-02-09 09:00:00;2023-12-26 14:30:00;44.0;1;0.5;0.0;3.0;22.0;1.0;;;;;;;;;2;4;6;-3.8757603;2024-02-09 09:00:00;2024-04-05 02:58:54.308624264;55.0;2024-02-09 09:00:00;0.0
$JPBVK460XL$;$JPBVK460XL$;contrat_adex;magenta;1;725;-0.9393;55.0;58.6;2024-02-09 09:00:00;2024-04-07;-8;2024-04-15;False;2;45.5;46;2024-02-09 09:00:00;2023-12-26 14:30:00;44.0;1;0.8735632183908046;1.0;4.0;22.5;1.0;;;;;;;;;2;4;6;-4.138793;2024-02-09 09:00:00;2024-04-02 20:40:08.285522460;53.0;2024-02-09 09:00:00;0.0
$JPBVK460XL$;$JPBVK460XL$;contrat_adex;yellow;1;725;-0.9164;57.0;62.2;2024-02-09 09:00:00;2024-04-11;-11;2024-04-22;False;2;45.5;46;2024-02-09 09:00:00;2023-12-26 14:30:00;44.0;1;0.48863636363636365;0.0;3.0;21.5;1.0;;;;;;;;;2;4;6;-6.809753;2024-02-09 09:00:00;2024-04-04 04:33:57.345886230;54.0;2024-02-09 09:00:00;0.0
$KNDY16327$;$KNDY16327$;contrat_adex;cyan;6;11;-11.121;20.0;1.8;2026-01-23 19:13:00;2026-01-25;1;2026-01-24;True;7;149.0;1016;2026-01-23 19:13:00;2026-01-15 14:43:00;8.0;1;0.2549115157732752;0.0;80.0;70.28571428571429;1.0;;;;;;;;;1;4;4;0.78941226;2026-01-23 19:13:00;2026-01-25 18:56:45.219268795;1.0;2026-01-23 19:13:00;0.0
$KNDY16397$;$KNDY16397$;contrat_adex;black;1;645;-0.4815;76.0;157.8;2024-04-18 19:01:00;2024-09-23;0;2024-09-23;False;2;216.0;396;2024-04-18 19:01:00;2023-03-20 17:01:00;395.0;1;0.8201703445605885;0.2222222222222222;4.0;26.0;1.0;;;;;;;;;4;3;16;0.51034826;2024-04-18 19:01:00;2024-09-23 12:14:54.089698793;157.0;2024-04-18 19:01:00;0.0
$X3BL124869$;$X3BL124869$;contrat_adex;black;6;29;-0.8761;12.0;13.7;2026-01-23 21:06:00;2026-02-06;0;2026-02-06;False;7;91.85714285714286;119;2026-01-23 21:06:00;2025-10-23 21:37:00;91.0;1;1.2516408322859935;1.0;15.0;92.14285714285714;1.0;;;;;;;;;1;4;4;-0.16160566;2026-01-23 21:06:00;2026-02-05 20:07:17.271308900;12.0;2026-01-23 21:06:00;10.0
$X576054469$;$X576054469$;contrat_adex;magenta;1;29;-0.1507;1.0;6.6;2026-01-25 14:30:00;2026-02-01;-8;2026-02-09;False;2;324.0;430;2026-01-25 14:30:00;2024-11-21 14:31:00;429.0;1;0.15921787709497207;0.0;1.0;35.0;1.0;;;;;;;;;1;6;4;-6.2929654;2026-01-25 14:30:00;2026-01-25 16:58:07.788391113;0.0;2026-01-25 14:30:00;0.0
$X576062359$;$X576062359$;contrat_adex;black;1;142;-0.135;17.0;125.9;2025-10-01 17:12:00;2026-02-04;0;2026-02-04;False;2;481.0;721;2025-10-01 17:12:00;2023-10-12 14:42:00;720.0;1;0.15325250754698608;0.0;3.0;53.0;1.0;;;;;;;;;10;2;40;-1.6285613;2025-10-01 17:12:00;2026-02-02 08:54:52.307281498;123.0;2025-10-01 17:12:00;7.0
$X576062423$;$X576062423$;contrat_adex;magenta;1;29;-0.1164;1.0;8.6;2026-01-25 14:38:00;2026-02-03;-8;2026-02-11;False;2;540.0;671;2026-01-25 14:38:00;2024-03-25 14:42:00;670.0;1;0.18491249491249492;0.0;1.1428571428571428;73.5;1.0;;;;;;;;;1;6;4;-8.743919;2026-01-25 14:38:00;2026-01-25 06:08:45.366210937;0.0;2026-01-25 14:38:00;0.0
$X576087419$;$X576087419$;contrat_adex;yellow;1;32;-0.1982;1.0;5.0;2026-01-22 14:02:00;2026-01-27;-11;2026-02-07;False;2;351.0;380;2026-01-22 14:02:00;2025-03-06 14:20:00;321.0;1;0.3417200854700854;0.0;9.0;98.0;1.0;;;;;;;;;1;3;4;-8.853343;2026-01-22 14:02:00;2026-01-18 03:31:11.163940433;0.0;2026-01-22 14:02:00;0.0
$X576087429$;$X576087429$;contrat_adex;cyan;1;31;-0.2311;4.0;17.3;2026-01-22 15:52:00;2026-02-08;1;2026-02-07;False;2;348.0;372;2026-01-22 15:52:00;2025-03-05 14:20:00;323.0;1;0.3350016614055491;0.0;7.0;96.5;1.0;;;;;;;;;1;3;4;-2.0121384;2026-01-22 15:52:00;2026-02-05 23:42:31.245117190;14.0;2026-01-22 15:52:00;10.0
$X576087509$;$X576087509$;contrat_adex;yellow;1;29;-0.1141;1.0;8.8;2026-01-23 21:32:00;2026-02-01;-11;2026-02-12;False;2;352.0;687;2026-01-23 21:32:00;2024-03-08 21:31:00;686.0;1;0.23093622064210298;0.0;3.0;49.0;1.0;;;;;;;;;1;4;4;-6.531046;2026-01-23 21:32:00;2026-01-25 11:15:17.633056640;1.0;2026-01-23 21:32:00;0.0
$X576097427$;$X576097427$;contrat_adex;cyan;6;29;-0.5294;5.0;9.4;2026-01-25 14:32:00;2026-02-04;1;2026-02-03;False;7;118.71428571428571;143;2026-01-25 14:32:00;2025-09-05 14:30:00;142.0;1;0.7135082138544743;1.0;9.0;81.42857142857143;1.0;;;;;;;;;1;6;4;1.1466836;2026-01-25 14:32:00;2026-02-05 03:31:13.460769649;10.0;2026-01-25 14:32:00;10.0
$X576135787$;$X576135787$;contrat_adex;black;1;490;-0.329;18.0;54.7;2024-10-16 09:00:00;2024-12-10;0;2024-12-10;False;2;125.0;245;2024-10-16 09:00:00;2024-02-14 14:30:00;244.0;1;0.3923766816143498;0.0;8.0;40.5;1.0;;;;;;;;;10;2;42;-4.7813296;2024-10-16 09:00:00;2024-12-05 05:14:53.119812014;49.0;2024-10-16 09:00:00;0.0
$X576135787$;$X576135787$;contrat_adex;cyan;2;473;-0.4142;94.0;226.9;2024-10-16 09:00:00;2025-05-31;1;2025-05-30;False;3;83.33333333333333;218;2024-10-16 09:00:00;2024-10-03 14:30:00;12.0;1;0.5045045045045045;0.0;3.0;34.333333333333336;1.0;;;;;;;;;10;2;42;-0.91148496;2024-10-16 09:00:00;2025-05-30 02:07:27.699737552;225.0;2024-10-16 09:00:00;0.0
$X576135787$;$X576135787$;contrat_adex;magenta;2;473;-0.4142;94.0;226.9;2024-10-16 09:00:00;2025-05-31;-8;2025-06-08;False;3;83.33333333333333;218;2024-10-16 09:00:00;2024-10-03 14:30:00;12.0;1;0.4774774774774775;0.0;3.0;33.0;1.0;;;;;;;;;10;2;42;-5.8111415;2024-10-16 09:00:00;2025-05-25 04:31:57.375183104;220.0;2024-10-16 09:00:00;0.0
$X576135787$;$X576135787$;contrat_adex;yellow;1;490;-0.3877;19.0;49.0;2024-10-16 09:00:00;2024-12-04;-11;2024-12-15;False;2;125.0;231;2024-10-16 09:00:00;2024-02-28 14:30:00;230.0;1;0.3968609865470852;0.0;3.0;40.0;1.0;;;;;;;;;10;2;42;-7.2683926;2024-10-16 09:00:00;2024-11-26 17:33:30.882568361;41.0;2024-10-16 09:00:00;0.0
$X576136429$;$X576136429$;contrat_adex;cyan;2;29;-0.4288;1.0;2.3;2026-01-25 14:32:00;2026-01-27;1;2026-01-26;True;3;230.66666666666666;379;2026-01-25 14:32:00;2025-04-03 14:30:00;297.0;1;0.31302078964292707;0.0;3.0;65.33333333333333;1.0;;;;;;;;;1;6;4;-1.3746817;2026-01-25 14:32:00;2026-01-25 15:00:27.500152588;0.0;2026-01-25 14:32:00;0.0
$X576136483$;$X576136483$;contrat_adex;magenta;1;29;-0.1054;1.0;9.5;2026-01-25 14:32:00;2026-02-04;-8;2026-02-12;False;2;320.5;640;2026-01-25 14:32:00;2024-04-26 14:21:00;639.0;1;0.18017295675666717;0.0;2.0;47.5;1.0;;;;;;;;;1;6;4;-7.338182;2026-01-25 14:32:00;2026-01-27 15:53:01.077575681;2.0;2026-01-25 14:32:00;1.0
$X576136504$;$X576136504$;contrat_adex;cyan;1;29;-0.1526;1.0;6.6;2026-01-23 19:07:00;2026-01-30;1;2026-01-29;True;2;327.5;632;2026-01-23 19:07:00;2024-05-02 14:20:00;631.0;1;0.19852657662255185;0.0;2.0;49.0;1.0;;;;;;;;;1;4;4;-2.6084478;2026-01-23 19:07:00;2026-01-27 09:23:50.110931395;3.0;2026-01-23 19:07:00;1.0
$X576136504$;$X576136504$;contrat_adex;yellow;1;29;-0.1281;1.0;7.8;2026-01-23 19:07:00;2026-01-31;-11;2026-02-11;False;2;327.5;632;2026-01-23 19:07:00;2024-05-02 14:20:00;631.0;1;0.1866785175608705;0.0;1.0;49.0;1.0;;;;;;;;;1;4;4;-7.205308;2026-01-23 19:07:00;2026-01-23 19:04:21.392211911;0.0;2026-01-23 19:07:00;0.0
$X576147888$;$X576147888$;contrat_adex;black;1;327;-0.1322;78.0;300.0;2025-03-28 12:30:00;2026-01-22;0;2026-01-22;False;2;89.0;158;2025-03-28 12:30:00;2024-10-21 14:30:00;157.0;1;0.11707566462167689;0.0;1.0;10.0;1.0;;;;;;;;;3;4;13;-0.50134414;2025-03-28 12:30:00;2026-01-21 11:58:03.865928653;298.0;2025-03-28 12:30:00;0.0
$X576147888$;$X576147888$;contrat_adex;cyan;1;327;-0.2264;64.0;282.7;2025-03-28 12:30:00;2026-01-05;1;2026-01-04;False;2;89.0;158;2025-03-28 12:30:00;2024-10-21 14:30:00;157.0;1;0.20245398773006135;0.0;2.0;16.5;1.0;;;;;;;;;3;4;13;-2.265641;2025-03-28 12:30:00;2026-01-02 17:37:28.619842530;280.0;2025-03-28 12:30:00;0.0
$X576147888$;$X576147888$;contrat_adex;magenta;1;327;-0.2323;61.0;262.6;2025-03-28 12:30:00;2025-12-16;-8;2025-12-24;False;2;89.0;158;2025-03-28 12:30:00;2024-10-21 14:30:00;157.0;1;0.2152351738241309;0.0;2.0;18.0;1.0;;;;;;;;;3;4;13;-4.456732;2025-03-28 12:30:00;2025-12-11 13:02:18.372802739;258.0;2025-03-28 12:30:00;0.0
$X576147888$;$X576147888$;contrat_adex;yellow;1;327;-0.2029;69.0;300.0;2025-03-28 12:30:00;2026-01-22;-11;2026-02-02;False;2;89.0;158;2025-03-28 12:30:00;2024-10-21 14:30:00;157.0;1;0.1600204498977505;0.0;1.0;14.0;1.0;;;;;;;;;3;4;13;-6.54676;2025-03-28 12:30:00;2026-01-15 10:52:39.928894041;292.0;2025-03-28 12:30:00;0.0
$X576152189$;$X576152189$;contrat_adex;magenta;0;28;-1.5024;15.0;10.0;2026-01-25 14:21:00;2026-02-04;-8;2026-02-12;False;1;153.0;153;2026-01-25 14:21:00;;;0;0.5579710144927535;0.0;10.0;75.0;1.0;;;;;;;;;1;6;4;-5.4226136;2026-01-25 14:21:00;2026-01-29 13:51:26.183166501;3.0;2026-01-25 14:21:00;3.0
$X577000865$;$X577000865$;contrat_adex;cyan;1;30;-0.3742;3.0;8.0;2026-01-23 15:28:00;2026-01-31;1;2026-01-30;True;2;383.5;759;2026-01-23 15:28:00;2023-12-27 14:38:00;758.0;1;0.15718329794762914;0.0;2.0;42.5;1.0;;;;;;;;;1;4;4;-1.7517171;2026-01-23 15:28:00;2026-01-29 05:57:31.643371582;5.0;2026-01-23 15:28:00;3.0
$X57H013328$;$X57H013328$;contrat_adex;cyan;0;603;-0.1151;28.0;243.4;2024-06-27 14:34:00;2025-02-25;1;2025-02-24;False;1;385.0;385;2024-06-27 14:34:00;;;0;0.13448275862068965;0.0;2.0;0.0;1.0;;;;;;;;;6;3;26;-5.9629455;2024-06-27 14:34:00;2025-02-19 00:53:21.512145996;236.0;2024-06-27 14:34:00;0.0
$X57H013328$;$X57H013328$;contrat_adex;magenta;0;603;-0.1973;11.0;55.8;2024-06-27 14:34:00;2024-08-22;-8;2024-08-30;False;1;385.0;385;2024-06-27 14:34:00;;;0;0.19103448275862067;0.0;5.0;0.0;1.0;;;;;;;;;6;3;26;-6.8379664;2024-06-27 14:34:00;2024-08-15 03:53:19.699401852;48.0;2024-06-27 14:34:00;0.0
$X57H013328$;$X57H013328$;contrat_adex;yellow;0;603;-0.1823;22.0;120.7;2024-06-27 14:34:00;2024-10-26;-11;2024-11-06;False;1;385.0;385;2024-06-27 14:34:00;;;0;0.15517241379310345;0.0;3.0;0.0;1.0;;;;;;;;;6;3;26;-10.247573;2024-06-27 14:34:00;2024-10-15 18:03:29.701538090;110.0;2024-06-27 14:34:00;0.0
$X57H013384$;$X57H013384$;contrat_adex;black;1;603;-0.3986;1.0;2.5;2024-06-27 12:34:00;2024-06-30;0;2024-06-30;True;2;117.0;213;2024-06-27 12:34:00;2023-11-27 14:34:00;212.0;1;0.5951388888888889;0.0;7.0;49.0;1.0;;;;;;;;;6;3;26;-2.5268219;2024-06-27 12:34:00;2024-06-27 11:21:22.592010503;0.0;2024-06-27 12:34:00;0.0
$X57H013384$;$X57H013384$;contrat_adex;cyan;1;603;-0.7031;45.0;64.0;2024-06-27 12:34:00;2024-08-30;1;2024-08-29;False;2;192.0;244;2024-06-27 12:34:00;2024-02-08 14:34:00;139.0;1;0.5174825174825175;0.0;8.0;27.5;1.0;;;;;;;;;6;3;26;-0.84379566;2024-06-27 12:34:00;2024-08-29 03:44:56.055221558;62.0;2024-06-27 12:34:00;0.0
$X57H013384$;$X57H013384$;contrat_adex;magenta;1;603;-0.6057;45.0;74.3;2024-06-27 12:34:00;2024-09-09;-8;2024-09-17;False;2;192.0;249;2024-06-27 12:34:00;2024-02-13 14:34:00;134.0;1;0.5072261072261072;0.0;7.0;27.0;1.0;;;;;;;;;6;3;26;-6.176715;2024-06-27 12:34:00;2024-09-02 19:45:31.832885739;67.0;2024-06-27 12:34:00;0.0
$X6GN007907$;$X6GN007907$;contrat_adex;cyan;1;313;-0.1223;26.0;212.6;2025-04-09 16:33:00;2025-11-08;1;2025-11-07;False;2;396.5;741;2025-04-09 16:33:00;2023-03-31 11:46:00;740.0;1;0.14961278629098698;0.0;1.0;36.5;1.0;;;;;;;;;4;2;15;-1.2542856;2025-04-09 16:33:00;2025-11-06 17:53:49.726409908;211.0;2025-04-09 16:33:00;0.0
$X6GN007907$;$X6GN007907$;contrat_adex;magenta;1;313;-0.153;30.0;196.0;2025-04-09 16:33:00;2025-10-22;-8;2025-10-30;False;2;396.5;758;2025-04-09 16:33:00;2023-03-14 13:43:00;757.0;1;0.15630214692714695;0.0;2.0;34.5;1.0;;;;;;;;;4;2;15;-6.4611716;2025-04-09 16:33:00;2025-10-15 12:55:54.771423338;188.0;2025-04-09 16:33:00;0.0
$X6GN008216$;$X6GN008216$;contrat_adex;black;1;382;-1.106;89.0;80.5;2025-01-03 09:13:00;2025-03-24;0;2025-03-24;False;2;338.5;581;2025-01-03 09:13:00;2023-06-02 14:36:00;580.0;1;0.02459016393442623;0.0;1.0;5.0;1.0;;;;;;;;;1;4;1;-1.8232617;2025-01-03 09:13:00;2025-03-22 04:14:30.185852050;77.0;2025-01-03 09:13:00;0.0
$X6GN008216$;$X6GN008216$;contrat_adex;cyan;1;382;-2.212;86.0;38.9;2025-01-03 09:13:00;2025-02-11;1;2025-02-10;False;2;338.0;535;2025-01-03 09:13:00;2023-07-18 14:26:00;534.0;1;0.028530895334174022;0.0;1.0;7.0;1.0;;;;;;;;;1;4;1;0.19971612;2025-01-03 09:13:00;2025-02-11 04:47:35.472850797;38.0;2025-01-03 09:13:00;0.0
$X6GN008216$;$X6GN008216$;contrat_adex;yellow;1;382;-1.106;92.0;83.2;2025-01-03 09:13:00;2025-03-27;-11;2025-04-07;False;2;338.0;535;2025-01-03 09:13:00;2023-07-18 14:26:00;534.0;1;0.029213955443463637;0.0;1.0;4.0;1.0;;;;;;;;;1;4;1;-10.032603;2025-01-03 09:13:00;2025-03-16 23:13:03.078002928;72.0;2025-01-03 09:13:00;0.0
$X6GN008367$;$X6GN008367$;contrat_adex;black;7;29;-0.9177;2.0;2.2;2026-01-25 14:18:00;2026-01-27;0;2026-01-27;True;8;84.125;106;2026-01-25 14:18:00;2025-10-31 14:18:00;86.0;1;1.2569027777777777;1.0;2.0;87.0;1.0;;;;;;;;;1;6;4;0.015673785;2026-01-25 14:18:00;2026-01-27 00:22:34.214984178;1.0;2026-01-25 14:18:00;1.0
$X6GN008409$;$X6GN008409$;contrat_adex;black;1;19;-0.114;1.0;8.8;2026-01-23 16:36:00;2026-02-01;0;2026-02-01;False;2;541.0;1047;2026-01-23 16:36:00;2023-03-14 12:36:00;1046.0;1;0.1298294059891998;0.0;2.0;49.0;1.0;;;;;;;;;1;4;4;-0.29188713;2026-01-23 16:36:00;2026-01-31 16:59:40.951595305;8.0;2026-01-23 16:36:00;5.0
$X6GN008969$;$X6GN008969$;contrat_adex;black;1;377;-0.2327;92.0;300.0;2025-02-05 15:34:00;2025-12-02;0;2025-12-02;False;2;365.0;682;2025-02-05 15:34:00;2024-12-20 14:34:00;47.0;1;0.14796475358702432;0.0;1.0;46.5;1.0;;;;;;;;;2;2;6;0.6726305;2025-02-05 15:34:00;2025-12-02 16:08:35.274238584;300.0;2025-02-05 15:34:00;0.0
$X6GN008969$;$X6GN008969$;contrat_adex;cyan;2;377;-0.2888;88.0;300.0;2025-02-05 15:34:00;2025-12-02;1;2025-12-01;False;3;243.0;623;2025-02-05 15:34:00;2024-12-20 14:34:00;47.0;1;0.15844795248515162;0.0;1.0;36.0;1.0;;;;;;;;;2;2;6;0.20587008;2025-02-05 15:34:00;2025-12-02 04:56:27.174654009;299.0;2025-02-05 15:34:00;0.0
$X6GN009498$;$X6GN009498$;contrat_adex;black;3;395;-0.1746;43.0;246.3;2025-01-13 14:23:00;2025-09-16;0;2025-09-16;False;4;159.75;264;2025-01-13 14:23:00;2024-04-24 14:33:00;263.0;1;0.3189845474613687;0.0;2.0;52.75;1.0;;;;;;;;;1;0;3;-0.7016944;2025-01-13 14:23:00;2025-09-15 07:09:33.601341252;244.0;2025-01-13 14:23:00;0.0
$X6GN009498$;$X6GN009498$;contrat_adex;cyan;1;395;-0.1335;5.0;37.5;2025-01-13 14:23:00;2025-02-20;1;2025-02-19;False;2;319.5;541;2025-01-13 14:23:00;2023-07-22 14:33:00;540.0;1;0.20044052863436124;0.0;10.0;47.0;1.0;;;;;;;;;1;0;3;-0.13038036;2025-01-13 14:23:00;2025-02-19 20:52:15.136699674;37.0;2025-01-13 14:23:00;0.0
$X6GN009498$;$X6GN009498$;contrat_adex;magenta;2;395;-0.1221;94.0;300.0;2025-01-13 14:23:00;2025-11-09;-8;2025-11-17;False;3;201.33333333333334;485;2025-01-13 14:23:00;2024-12-20 14:33:00;23.0;1;0.1905286343612335;0.0;3.0;32.333333333333336;1.0;;;;;;;;;1;0;3;-6.6815233;2025-01-13 14:23:00;2025-11-02 07:38:36.384887694;292.0;2025-01-13 14:23:00;0.0
$X6GN009511$;$X6GN009511$;contrat_adex;cyan;1;395;-0.1094;34.0;300.0;2025-01-13 14:23:00;2025-11-09;1;2025-11-08;False;2;319.5;471;2025-01-13 14:23:00;2023-09-30 14:33:00;470.0;1;0.13596491228070176;0.0;5.0;32.5;1.0;;;;;;;;;1;0;3;-3.5071917;2025-01-13 14:23:00;2025-11-05 11:49:38.640747072;295.0;2025-01-13 14:23:00;0.0
$X6GN009511$;$X6GN009511$;contrat_adex;magenta;2;395;-0.1178;69.0;300.0;2025-01-13 14:23:00;2025-11-09;-8;2025-11-17;False;3;213.0;432;2025-01-13 14:23:00;2024-07-22 14:33:00;174.0;1;0.17105263157894737;0.0;4.0;37.0;1.0;;;;;;;;;1;0;3;-7.876006;2025-01-13 14:23:00;2025-11-01 02:58:33.070678712;291.0;2025-01-13 14:23:00;0.0
$X6GN009512$;$X6GN009512$;contrat_adex;black;1;395;-0.1496;9.0;60.2;2025-01-13 14:23:00;2025-03-14;0;2025-03-14;False;2;320.0;568;2025-01-13 14:23:00;2023-06-26 12:33:00;567.0;1;0.1693548387096774;0.0;2.0;45.0;1.0;;;;;;;;;1;0;3;-6.1990943;2025-01-13 14:23:00;2025-03-07 19:13:18.252868654;53.0;2025-01-13 14:23:00;0.0
$X6GN009512$;$X6GN009512$;contrat_adex;cyan;2;395;-0.1245;92.0;300.0;2025-01-13 14:23:00;2025-11-09;1;2025-11-08;False;3;201.33333333333334;548;2025-01-13 14:23:00;2024-12-20 14:33:00;23.0;1;0.16129032258064516;0.0;5.0;29.666666666666668;1.0;;;;;;;;;1;0;3;-1.5103153;2025-01-13 14:23:00;2025-11-07 11:45:08.758163454;297.0;2025-01-13 14:23:00;0.0
$X6GN009512$;$X6GN009512$;contrat_adex;magenta;1;395;-0.1283;27.0;210.4;2025-01-13 14:23:00;2025-08-11;-8;2025-08-19;False;2;298.5;494;2025-01-13 14:23:00;2023-09-07 14:33:00;493.0;1;0.17626728110599077;0.0;2.0;35.5;1.0;;;;;;;;;1;0;3;-8.634075;2025-01-13 14:23:00;2025-08-02 08:46:55.905761721;200.0;2025-01-13 14:23:00;0.0
$X6GN013504$;$X6GN013504$;contrat_adex;yellow;1;147;-0.1295;16.0;123.6;2025-09-05 10:19:00;2026-01-06;-11;2026-01-17;False;2;466.5;854;2025-09-05 10:19:00;2023-05-05 14:31:00;853.0;1;0.07281403940886699;0.0;2.0;41.5;1.0;;;;;;;;;9;4;36;-11.064695;2025-09-05 10:19:00;2025-12-25 22:26:50.321044920;111.0;2025-09-05 10:19:00;0.0
$X6GN014334$;$X6GN014334$;contrat_adex;cyan;4;315;-0.1498;97.0;300.0;2025-03-24 14:08:00;2026-01-18;1;2026-01-17;False;5;131.0;257;2025-03-24 14:08:00;2025-03-10 14:29:00;13.0;1;0.41930247172182655;0.0;6.0;50.2;1.0;;;;;;;;;3;0;13;0.7989597;2025-03-24 14:08:00;2026-01-18 19:10:30.115699766;300.0;2025-03-24 14:08:00;0.0
$X6GN015789$;$X6GN015789$;contrat_adex;yellow;1;116;-0.1154;7.0;60.7;2025-10-29 16:34:00;2025-12-29;-11;2026-01-09;False;2;486.0;917;2025-10-29 16:34:00;2023-04-27 14:34:00;916.0;1;0.13898684997011357;0.0;3.0;45.5;1.0;;;;;;;;;10;2;44;-9.733672;2025-10-29 16:34:00;2025-12-19 06:23:30.726928712;50.0;2025-10-29 16:34:00;0.0
$X74R002733$;$X74R002733$;contrat_adex;magenta;2;19;-0.1449;3.0;20.7;2026-01-23 17:22:00;2026-02-13;-8;2026-02-21;False;3;258.0;410;2026-01-23 17:22:00;2024-12-10 14:22:00;409.0;1;0.2969611280775176;0.0;15.0;51.666666666666664;1.0;;;;;;;;;1;4;4;-7.175163;2026-01-23 17:22:00;2026-02-05 19:47:45.934753419;13.0;2026-01-23 17:22:00;10.0
$X74R003821$;$X74R003821$;contrat_adex;cyan;1;150;-0.2707;8.0;29.6;2025-09-12 17:02:00;2025-10-12;1;2025-10-11;False;2;474.0;899;2025-09-12 17:02:00;2023-03-29 14:35:00;898.0;1;0.5258896151053014;0.0;9.0;60.5;1.0;;;;;;;;;9;4;37;-0.33418304;2025-09-12 17:02:00;2025-10-11 15:58:46.585578922;28.0;2025-09-12 17:02:00;0.0
$X74R003821$;$X74R003821$;contrat_adex;magenta;1;150;-0.1944;3.0;15.4;2025-09-12 17:02:00;2025-09-28;-8;2025-10-06;False;2;474.5;869;2025-09-12 17:02:00;2023-04-28 14:35:00;868.0;1;0.47017066085693543;0.0;9.0;70.5;1.0;;;;;;;;;9;4;37;-7.3032465;2025-09-12 17:02:00;2025-09-20 16:43:19.502563478;7.0;2025-09-12 17:02:00;0.0
$X74R003821$;$X74R003821$;contrat_adex;yellow;1;150;-0.1699;8.0;47.1;2025-09-12 17:02:00;2025-10-29;-11;2025-11-09;False;2;463.0;845;2025-09-12 17:02:00;2023-05-22 14:35:00;844.0;1;0.45955988455988456;0.0;10.0;66.0;1.0;;;;;;;;;9;4;37;-10.393511;2025-09-12 17:02:00;2025-10-18 14:33:20.665283208;35.0;2025-09-12 17:02:00;0.0
$X74R004509$;$X74R004509$;contrat_adex;magenta;2;29;-0.6655;1.0;1.5;2026-01-25 14:17:00;2026-01-27;-8;2026-02-04;False;3;251.66666666666666;406;2026-01-25 14:17:00;2025-02-27 14:17:00;332.0;1;0.23674963396778914;0.0;12.0;61.666666666666664;1.0;;;;;;;;;1;6;4;-7.396033;2026-01-25 14:17:00;2026-01-19 14:29:42.765197753;0.0;2026-01-25 14:17:00;0.0
$X74R004509$;$X74R004509$;contrat_adex;yellow;2;29;-0.1435;1.0;7.0;2026-01-25 14:17:00;2026-02-01;-11;2026-02-12;False;3;251.66666666666666;406;2026-01-25 14:17:00;2025-02-27 14:17:00;332.0;1;0.23609077598828698;0.0;14.0;60.666666666666664;1.0;;;;;;;;;1;6;4;-9.862739;2026-01-25 14:17:00;2026-01-22 03:17:39.384155271;0.0;2026-01-25 14:17:00;0.0
$X75G003015$;$X75G003015$;contrat_adex;cyan;2;29;-1.0329;7.0;6.8;2026-01-25 14:34:00;2026-02-01;1;2026-01-31;True;3;121.0;155;2026-01-25 14:34:00;2025-11-07 14:34:00;79.0;1;0.8098659003831417;0.0;10.0;96.33333333333333;1.0;;;;;;;;;1;6;4;-1.3914238;2026-01-25 14:34:00;2026-01-30 14:36:20.981826781;5.0;2026-01-25 14:34:00;4.0
$X75G003015$;$X75G003015$;contrat_adex;yellow;2;29;-1.2063;12.0;9.9;2026-01-25 14:34:00;2026-02-04;-11;2026-02-15;False;3;121.0;168;2026-01-25 14:34:00;2025-11-07 14:34:00;79.0;1;0.7883141762452107;0.0;8.0;94.33333333333333;1.0;;;;;;;;;1;6;4;-6.727513;2026-01-25 14:34:00;2026-01-28 06:32:22.890930176;2.0;2026-01-25 14:34:00;2.0
$XAUV000003$;$XAUV000003$;contrat_adex;yellow;0;271;-0.1319;6.0;45.5;2025-05-20 17:43:00;2025-07-05;-11;2025-07-16;False;1;397.0;397;2025-05-20 17:43:00;;;0;0.2334295201201676;0.0;2.0;64.0;1.0;;;;;;;;;5;1;21;-5.72556;2025-05-20 17:43:00;2025-06-29 06:35:11.599731442;39.0;2025-05-20 17:43:00;0.0
$XAUV000031$;$XAUV000031$;contrat_adex;black;6;29;-0.4455;1.0;2.2;2026-01-25 14:33:00;2026-01-27;0;2026-01-27;True;7;114.71428571428571;230;2026-01-25 14:33:00;2025-11-22 14:33:00;64.0;1;0.877255460588794;0.0;27.0;87.28571428571429;1.0;;;;;;;;;1;6;4;-0.28915936;2026-01-25 14:33:00;2026-01-26 17:03:36.631507871;1.0;2026-01-25 14:33:00;0.0
$XAUV000031$;$XAUV000031$;contrat_adex;magenta;2;29;-0.2892;1.0;3.5;2026-01-25 14:33:00;2026-01-29;-8;2026-02-06;False;3;267.6666666666667;315;2026-01-25 14:33:00;2025-05-21 14:33:00;249.0;1;0.3917963224893918;0.0;22.0;95.66666666666667;1.0;;;;;;;;;1;6;4;-5.4554095;2026-01-25 14:33:00;2026-01-23 13:04:12.616882320;0.0;2026-01-25 14:33:00;0.0
$XAUV000051$;$XAUV000051$;contrat_adex;black;1;29;-0.271;1.0;3.7;2026-01-25 14:33:00;2026-01-29;0;2026-01-29;True;2;401.5;473;2026-01-25 14:33:00;2024-10-10 14:33:00;472.0;1;0.2392018779342723;0.0;15.0;95.0;1.0;;;;;;;;;1;6;4;-1.8158087;2026-01-25 14:33:00;2026-01-27 04:25:14.132308959;1.0;2026-01-25 14:33:00;1.0
$XAUV000300$;$XAUV000300$;contrat_adex;black;3;604;-1.5722;42.0;26.7;2024-06-25 13:04:00;2024-07-22;0;2024-07-22;False;4;52.75;84;2024-06-25 13:04:00;2024-05-22 14:34:00;33.0;1;1.6510582010582011;1.0;8.0;63.75;1.0;;;;;;;;;6;1;26;-0.22795737;2024-06-25 13:04:00;2024-07-21 18:31:44.483413700;26.0;2024-06-25 13:04:00;0.0
$XAUV000300$;$XAUV000300$;contrat_adex;cyan;2;601;-0.6606;82.0;124.1;2024-06-25 13:04:00;2024-10-27;1;2024-10-26;False;3;70.33333333333333;176;2024-06-25 13:04:00;2024-05-30 14:34:00;25.0;1;0.6968503937007874;1.0;5.0;39.0;1.0;;;;;;;;;6;1;26;-1.4291958;2024-06-25 13:04:00;2024-10-25 13:41:57.486190797;122.0;2024-06-25 13:04:00;0.0
$XAUV000300$;$XAUV000300$;contrat_adex;magenta;1;604;-0.5788;3.0;5.2;2024-06-25 13:04:00;2024-06-30;-8;2024-07-08;False;2;105.5;189;2024-06-25 13:04:00;2023-12-19 14:34:00;188.0;1;0.6825520833333333;0.75;4.0;55.5;1.0;;;;;;;;;6;1;26;-6.513781;2024-06-25 13:04:00;2024-06-23 11:40:09.315490726;0.0;2024-06-25 13:04:00;0.0
$XAUV000300$;$XAUV000300$;contrat_adex;yellow;2;601;-0.6772;81.0;119.6;2024-06-25 13:04:00;2024-10-23;-11;2024-11-03;False;3;70.33333333333333;176;2024-06-25 13:04:00;2024-05-30 14:34:00;25.0;1;0.7519685039370079;0.5;4.0;40.0;1.0;;;;;;;;;6;1;26;-9.211642;2024-06-25 13:04:00;2024-10-13 18:55:14.108276370;110.0;2024-06-25 13:04:00;0.0
$XAUV000804$;$XAUV000804$;contrat_adex;yellow;3;29;-0.5726;1.0;1.7;2026-01-25 14:42:00;2026-01-27;-11;2026-02-07;False;4;209.0;371;2026-01-25 14:42:00;2025-09-23 14:42:00;124.0;1;0.37106135986733;0.0;12.0;76.75;1.0;;;;;;;;;1;6;4;-9.6854315;2026-01-25 14:42:00;2026-01-17 07:32:58.720092775;0.0;2026-01-25 14:42:00;0.0
$XAUV001348$;$XAUV001348$;contrat_adex;black;4;29;-0.3039;1.0;3.3;2026-01-25 14:32:00;2026-01-28;0;2026-01-28;True;5;163.0;271;2026-01-25 14:32:00;2025-04-30 14:30:00;270.0;1;0.4952537610743452;0.0;4.0;74.6;1.0;;;;;;;;;1;6;4;-0.08959518;2026-01-25 14:32:00;2026-01-27 21:50:58.976769452;2.0;2026-01-25 14:32:00;1.0
$XAUV001348$;$XAUV001348$;contrat_adex;yellow;3;29;-0.2612;1.0;3.8;2026-01-25 14:32:00;2026-01-29;-11;2026-02-09;False;4;207.75;313;2026-01-25 14:32:00;2025-03-19 14:20:00;312.0;1;0.39127179691246544;0.0;7.0;72.75;1.0;;;;;;;;;1;6;4;-7.4444485;2026-01-25 14:32:00;2026-01-21 13:19:59.652099613;0.0;2026-01-25 14:32:00;0.0
$XAUV001456$;$XAUV001456$;contrat_adex;cyan;3;29;-0.1956;2.0;10.2;2026-01-25 14:32:00;2026-02-04;1;2026-02-03;False;4;207.75;398;2026-01-25 14:32:00;2024-12-24 14:20:00;397.0;1;0.3474990918172737;0.0;9.0;72.5;1.0;;;;;;;;;1;6;4;-0.2661102;2026-01-25 14:32:00;2026-02-03 17:36:48.077716827;9.0;2026-01-25 14:32:00;8.0
$XAUV001473$;$XAUV001473$;contrat_adex;cyan;2;29;-0.4998;6.0;12.0;2026-01-25 14:32:00;2026-02-06;1;2026-02-05;False;3;277.0;505;2026-01-25 14:32:00;2025-04-23 14:30:00;277.0;1;0.23687294889826535;0.0;5.0;63.666666666666664;1.0;;;;;;;;;1;6;4;-1.3007233;2026-01-25 14:32:00;2026-02-04 16:46:57.505645751;10.0;2026-01-25 14:32:00;9.0
$XAUV001493$;$XAUV001493$;contrat_adex;cyan;4;29;-0.9586;8.0;8.3;2026-01-25 14:32:00;2026-02-02;1;2026-02-01;True;5;130.0;215;2026-01-25 14:32:00;2025-10-03 14:32:00;114.0;1;0.8653748733535968;1.0;32.0;81.2;1.0;;;;;;;;;1;6;4;0.8305916;2026-01-25 14:32:00;2026-02-02 19:56:03.115882870;8.0;2026-01-25 14:32:00;7.0
$XAUV001493$;$XAUV001493$;contrat_adex;yellow;5;29;-0.5721;1.0;1.7;2026-01-25 14:32:00;2026-01-27;-11;2026-02-07;False;6;96.33333333333333;139;2026-01-25 14:32:00;2025-09-09 14:30:00;138.0;1;1.0093436901947541;0.0;61.0;84.16666666666667;1.0;;;;;;;;;1;6;4;-10.437795;2026-01-25 14:32:00;2026-01-16 13:29:34.539184568;0.0;2026-01-25 14:32:00;0.0
$XAUV002199$;$XAUV002199$;contrat_adex;black;3;31;-0.5383;2.0;3.7;2026-01-22 19:33:00;2026-01-26;0;2026-01-26;True;4;205.5;320;2026-01-22 19:33:00;2025-06-18 14:33:00;218.0;1;0.41491498433246005;0.0;5.0;73.25;1.0;;;;;;;;;1;3;4;-1.5101116;2026-01-22 19:33:00;2026-01-24 11:45:26.360321043;1.0;2026-01-22 19:33:00;0.0
$XAUV002199$;$XAUV002199$;contrat_adex;cyan;3;31;-0.5473;1.0;1.8;2026-01-22 19:33:00;2026-01-24;1;2026-01-23;True;4;205.5;270;2026-01-22 19:33:00;2025-07-03 14:33:00;203.0;1;0.4206477628807726;0.0;8.0;73.25;1.0;;;;;;;;;1;3;4;-0.7026733;2026-01-22 19:33:00;2026-01-23 07:08:09.025497436;0.0;2026-01-22 19:33:00;0.0
$XAUV002199$;$XAUV002199$;contrat_adex;magenta;5;31;-1.5764;3.0;1.9;2026-01-22 19:33:00;2026-01-24;-8;2026-02-01;False;6;135.33333333333334;211;2026-01-22 19:33:00;2025-11-01 14:33:00;82.0;1;0.6070191713048856;0.0;9.0;76.83333333333333;1.0;;;;;;;;;1;3;4;-7.527798;2026-01-22 19:33:00;2026-01-16 11:19:58.237609861;0.0;2026-01-22 19:33:00;0.0
$XAUV003628$;$XAUV003628$;contrat_adex;magenta;1;26;-0.1057;1.0;9.5;2026-01-23 16:25:00;2026-02-02;-8;2026-02-10;False;2;314.5;425;2026-01-23 16:25:00;2024-11-25 14:33:00;424.0;1;0.1902582617746552;0.0;4.0;45.0;1.0;;;;;;;;;1;4;4;-6.24408;2026-01-23 16:25:00;2026-01-26 18:08:31.482238771;3.0;2026-01-23 16:25:00;0.0
$XAUV004214$;$XAUV004214$;contrat_adex;yellow;2;29;-0.1313;1.0;7.6;2026-01-25 14:42:00;2026-02-02;-11;2026-02-13;False;3;233.33333333333334;290;2026-01-25 14:42:00;2025-04-11 14:42:00;289.0;1;0.3282980866062437;0.0;4.0;65.33333333333333;1.0;;;;;;;;;1;6;4;-9.880564;2026-01-25 14:42:00;2026-01-23 02:51:59.293212892;0.0;2026-01-25 14:42:00;0.0
$XAUV004636$;$XAUV004636$;contrat_adex;black;3;29;-0.4127;3.0;7.3;2026-01-25 14:42:00;2026-02-01;0;2026-02-01;True;4;162.5;219;2026-01-25 14:42:00;2025-07-02 14:42:00;207.0;1;0.4664250478203967;0.0;25.0;74.0;1.0;;;;;;;;;1;6;4;-0.21793176;2026-01-25 14:42:00;2026-01-31 18:46:10.695734023;6.0;2026-01-25 14:42:00;5.0
$XAUV004866$;$XAUV004866$;contrat_adex;yellow;9;29;-0.2707;4.0;14.8;2026-01-25 14:32:00;2026-02-09;-11;2026-02-20;False;10;65.7;299;2026-01-25 14:32:00;2025-06-15 14:32:00;224.0;1;0.32747068676716923;0.0;12.0;77.0;1.0;;;;;;;;;1;6;4;-10.442742;2026-01-25 14:32:00;2026-01-29 13:22:27.061157226;3.0;2026-01-25 14:32:00;3.0
$XAUV005166$;$XAUV005166$;contrat_adex;black;1;500;-0.1652;88.0;300.0;2024-10-06 08:59:00;2025-08-02;0;2025-08-02;False;2;64.0;68;2024-10-06 08:59:00;2024-08-07 12:29:00;59.0;1;0.11224489795918367;0.0;1.0;4.0;1.0;;;;;;;;;10;6;40;-2.320638;2024-10-06 08:59:00;2025-07-30 16:18:16.881866453;297.0;2024-10-06 08:59:00;0.0
$XAUV005166$;$XAUV005166$;contrat_adex;magenta;0;500;-0.1916;1.0;5.2;2024-10-06 08:59:00;2024-10-11;-8;2024-10-19;False;1;147.0;147;2024-10-06 08:59:00;;;0;0.08843537414965985;0.0;1.0;0.0;1.0;;;;;;;;;10;6;40;-7.541834;2024-10-06 08:59:00;2024-10-03 10:59:45.552978514;0.0;2024-10-06 08:59:00;0.0
$XAUV005166$;$XAUV005166$;contrat_adex;yellow;1;500;-0.3462;83.0;239.8;2024-10-06 08:59:00;2025-06-03;-11;2025-06-14;False;2;64.0;68;2024-10-06 08:59:00;2024-08-07 12:29:00;59.0;1;0.17006802721088438;0.0;2.0;7.0;1.0;;;;;;;;;10;6;40;-7.6321735;2024-10-06 08:59:00;2025-05-26 08:49:40.206298829;231.0;2024-10-06 08:59:00;0.0
$XAUV005244$;$XAUV005244$;contrat_adex;black;1;29;-0.1564;1.0;6.4;2026-01-25 14:09:00;2026-01-31;0;2026-01-31;True;2;340.0;557;2026-01-25 14:09:00;2024-07-17 14:31:00;556.0;1;0.18353909465020574;0.0;4.0;49.0;1.0;;;;;;;;;1;6;4;-3.2958002;2026-01-25 14:09:00;2026-01-27 16:54:02.861938478;2.0;2026-01-25 14:09:00;1.0
$XAUV005400$;$XAUV005400$;contrat_adex;cyan;3;29;-0.5271;6.0;11.4;2026-01-25 14:32:00;2026-02-05;1;2026-02-04;False;4;174.0;258;2026-01-25 14:32:00;2025-08-19 23:33:00;158.0;1;0.48458375560545547;0.0;8.0;72.25;1.0;;;;;;;;;1;6;4;0.3958178;2026-01-25 14:32:00;2026-02-05 09:29:58.656749729;10.0;2026-01-25 14:32:00;10.0
$XAUV005414$;$XAUV005414$;contrat_adex;yellow;1;29;-0.1738;1.0;5.8;2026-01-25 14:32:00;2026-01-31;-11;2026-02-11;False;2;349.0;537;2026-01-25 14:32:00;2024-08-07 14:20:00;536.0;1;0.19835149073531172;0.0;5.0;49.0;1.0;;;;;;;;;1;6;4;-7.96583;2026-01-25 14:32:00;2026-01-23 00:49:12.301025388;0.0;2026-01-25 14:32:00;0.0
$XAUV005424$;$XAUV005424$;contrat_adex;magenta;2;29;-0.233;4.0;17.2;2026-01-25 14:32:00;2026-02-11;-8;2026-02-19;False;3;239.33333333333334;315;2026-01-25 14:32:00;2025-04-07 14:30:00;293.0;1;0.329371982010173;0.0;7.0;64.0;1.0;;;;;;;;;1;6;4;-8.363812;2026-01-25 14:32:00;2026-02-02 15:16:06.604614262;8.0;2026-01-25 14:32:00;7.0
$XAUV005424$;$XAUV005424$;contrat_adex;yellow;2;29;-0.1082;1.0;9.2;2026-01-25 14:32:00;2026-02-03;-11;2026-02-14;False;3;238.66666666666666;312;2026-01-25 14:32:00;2025-04-07 14:30:00;293.0;1;0.3366496708205251;0.0;9.0;64.33333333333333;1.0;;;;;;;;;1;6;4;-10.647902;2026-01-25 14:32:00;2026-01-23 08:27:01.307373046;0.0;2026-01-25 14:32:00;0.0
$XAUV005447$;$XAUV005447$;contrat_adex;black;3;29;-0.4365;1.0;2.3;2026-01-25 14:32:00;2026-01-27;0;2026-01-27;True;4;176.5;295;2026-01-25 14:32:00;2025-07-17 14:30:00;192.0;1;0.44355777724243156;0.0;3.0;68.5;1.0;;;;;;;;;1;6;4;0.08299325;2026-01-25 14:32:00;2026-01-27 01:59:30.616507527;1.0;2026-01-25 14:32:00;1.0
$XAUV005830$;$XAUV005830$;contrat_adex;black;1;382;-0.4193;85.0;202.7;2025-02-01 10:48:00;2025-08-23;0;2025-08-23;False;2;40.0;45;2025-02-01 10:48:00;2024-12-18 14:28:00;44.0;1;0.4935064935064935;0.0;11.0;7.0;1.0;;;;;;;;;2;5;5;-0.653338;2025-02-01 10:48:00;2025-08-22 08:19:11.595497132;201.0;2025-02-01 10:48:00;0.0
$XAUV005830$;$XAUV005830$;contrat_adex;cyan;0;382;-0.2389;1.0;4.2;2025-02-01 10:48:00;2025-02-05;1;2025-02-04;True;1;80.0;80;2025-02-01 10:48:00;;;0;0.3717948717948718;0.0;3.0;0.0;1.0;;;;;;;;;2;5;5;0.95879155;2025-02-01 10:48:00;2025-02-05 23:00:39.590263370;4.0;2025-02-01 10:48:00;0.0
$XAUV005830$;$XAUV005830$;contrat_adex;magenta;0;382;-0.3753;1.0;2.7;2025-02-01 10:48:00;2025-02-04;-8;2025-02-12;False;1;80.0;80;2025-02-01 10:48:00;;;0;0.358974358974359;0.0;4.0;0.0;1.0;;;;;;;;;2;5;5;-2.7463026;2025-02-01 10:48:00;2025-02-01 06:05:19.454956055;0.0;2025-02-01 10:48:00;0.0
$XAUV005830$;$XAUV005830$;contrat_adex;yellow;0;382;-0.4042;3.0;7.4;2025-02-01 10:48:00;2025-02-08;-11;2025-02-19;False;1;80.0;80;2025-02-01 10:48:00;;;0;0.32051282051282054;0.0;2.0;0.0;1.0;;;;;;;;;2;5;5;-0.6303081;2025-02-01 10:48:00;2025-02-07 08:52:21.380882261;5.0;2025-02-01 10:48:00;0.0
$XAUV005831$;$XAUV005831$;contrat_adex;black;1;382;-0.4016;87.0;216.6;2025-02-01 10:48:00;2025-09-06;0;2025-09-06;False;2;40.0;47;2025-02-01 10:48:00;2024-12-30 14:28:00;32.0;1;0.4155844155844156;0.0;3.0;6.0;1.0;;;;;;;;;2;5;5;-0.3034629;2025-02-01 10:48:00;2025-09-05 16:43:00.806064603;216.0;2025-02-01 10:48:00;0.0
$XAUV005831$;$XAUV005831$;contrat_adex;magenta;0;382;-0.107;1.0;9.3;2025-02-01 10:48:00;2025-02-10;-8;2025-02-18;False;1;80.0;80;2025-02-01 10:48:00;;;0;0.32051282051282054;0.0;2.0;0.0;1.0;;;;;;;;;2;5;5;-5.1411977;2025-02-01 10:48:00;2025-02-04 20:36:40.520324708;3.0;2025-02-01 10:48:00;0.0
$XAUV005833$;$XAUV005833$;contrat_adex;black;4;26;-1.2144;1.0;0.8;2026-01-25 14:39:00;2026-01-26;0;2026-01-26;True;5;88.8;112;2026-01-25 14:39:00;2025-10-24 19:09:00;92.0;1;1.0230430958663148;1.0;8.0;77.8;1.0;;;;;;;;;1;6;4;-1.3404274;2026-01-25 14:39:00;2026-01-24 15:49:47.072753910;0.0;2026-01-25 14:39:00;0.0
$XAUV005877$;$XAUV005877$;contrat_adex;yellow;1;30;-0.2412;4.0;16.6;2026-01-23 18:14:00;2026-02-09;-11;2026-02-20;False;2;214.5;295;2026-01-23 18:14:00;2025-04-04 14:34:00;294.0;1;0.34408602150537637;0.0;4.0;60.5;1.0;;;;;;;;;1;4;4;-3.0217953;2026-01-23 18:14:00;2026-02-05 23:28:36.888427739;13.0;2026-01-23 18:14:00;10.0
$XAUV006175$;$XAUV006175$;contrat_adex;black;1;128;-0.3304;26.0;78.7;2025-10-16 17:44:00;2026-01-03;0;2026-01-03;False;2;197.0;347;2025-10-16 17:44:00;2024-11-04 14:44:00;346.0;1;0.368026418026418;0.0;3.0;49.5;1.0;;;;;;;;;10;3;42;-0.37792334;2025-10-16 17:44:00;2026-01-02 14:55:47.423458103;77.0;2025-10-16 17:44:00;0.0
$XAUV006175$;$XAUV006175$;contrat_adex;cyan;1;128;-0.5267;4.0;7.6;2025-10-16 17:44:00;2025-10-24;1;2025-10-23;True;2;199.0;303;2025-10-16 17:44:00;2024-12-18 14:14:00;302.0;1;0.4552164323132065;0.2;2.0;63.0;1.0;;;;;;;;;10;3;42;0.11793391;2025-10-16 17:44:00;2025-10-24 02:49:49.489531518;7.0;2025-10-16 17:44:00;0.0
$XAUV006210$;$XAUV006210$;contrat_adex;black;1;375;-0.185;94.0;300.0;2025-02-06 16:12:00;2025-12-03;0;2025-12-03;False;2;61.0;93;2025-02-06 16:12:00;2025-01-09 14:42:00;28.0;1;0.35177733065057004;0.0;3.0;17.0;1.0;;;;;;;;;2;3;6;-1.4849589;2025-02-06 16:12:00;2025-12-01 12:21:39.552154543;297.0;2025-02-06 16:12:00;0.0
$XAUV006210$;$XAUV006210$;contrat_adex;cyan;0;376;-0.159;16.0;100.6;2025-02-06 16:12:00;2025-05-18;1;2025-05-17;False;1;122.0;122;2025-02-06 16:12:00;;;0;0.17906746031746032;0.0;1.0;17.0;1.0;;;;;;;;;2;3;6;-4.5079584;2025-02-06 16:12:00;2025-05-13 11:48:32.393188478;95.0;2025-02-06 16:12:00;0.0
$XAUV006210$;$XAUV006210$;contrat_adex;magenta;0;376;-0.1093;15.0;137.3;2025-02-06 16:12:00;2025-06-23;-8;2025-07-01;False;1;122.0;122;2025-02-06 16:12:00;;;0;0.17212301587301587;0.0;1.0;16.0;1.0;;;;;;;;;2;3;6;-8.037148;2025-02-06 16:12:00;2025-06-14 23:06:30.371704100;128.0;2025-02-06 16:12:00;0.0
$XAUV006210$;$XAUV006210$;contrat_adex;yellow;0;376;-0.126;13.0;103.2;2025-02-06 16:12:00;2025-05-20;-11;2025-05-31;False;1;122.0;122;2025-02-06 16:12:00;;;0;0.17559523809523808;0.0;1.0;17.0;1.0;;;;;;;;;2;3;6;-5.2871866;2025-02-06 16:12:00;2025-05-14 17:06:27.075805667;97.0;2025-02-06 16:12:00;0.0
$XAUV006255$;$XAUV006255$;contrat_adex;cyan;1;26;-0.4792;6.0;12.5;2026-01-23 21:27:00;2026-02-05;1;2026-02-04;False;2;239.0;317;2026-01-23 21:27:00;2025-03-13 14:37:00;316.0;1;0.2786591123701605;0.0;6.0;62.5;1.0;;;;;;;;;1;4;4;-3.659809;2026-01-23 21:27:00;2026-02-01 08:09:52.492675784;8.0;2026-01-23 21:27:00;6.0
$XAUV006255$;$XAUV006255$;contrat_adex;magenta;1;26;-0.5304;10.0;18.9;2026-01-23 21:27:00;2026-02-11;-8;2026-02-19;False;2;239.0;317;2026-01-23 21:27:00;2025-03-13 14:37:00;316.0;1;0.2769121813031161;0.0;4.0;60.0;1.0;;;;;;;;;1;4;4;-7.518461;2026-01-23 21:27:00;2026-02-03 11:33:24.949951172;10.0;2026-01-23 21:27:00;8.0
$XAUV006255$;$XAUV006255$;contrat_adex;yellow;1;26;-0.4391;6.0;13.7;2026-01-23 21:27:00;2026-02-06;-11;2026-02-17;False;2;239.0;317;2026-01-23 21:27:00;2025-03-13 14:37:00;316.0;1;0.26322001888574126;0.0;6.0;61.5;1.0;;;;;;;;;1;4;4;-8.251734;2026-01-23 21:27:00;2026-01-28 17:57:30.201416018;4.0;2026-01-23 21:27:00;2.0
$XAUV006298$;$XAUV006298$;contrat_adex;magenta;1;29;-0.1786;1.0;5.6;2026-01-23 17:02:00;2026-01-29;-8;2026-02-06;False;2;333.5;441;2026-01-23 17:02:00;2024-11-08 19:42:00;440.0;1;0.23078623109563703;0.0;3.0;49.0;1.0;;;;;;;;;1;4;4;-7.456642;2026-01-23 17:02:00;2026-01-21 13:02:26.118164064;0.0;2026-01-23 17:02:00;0.0
$XAUV006367$;$XAUV006367$;contrat_adex;magenta;2;29;-0.4108;5.0;12.2;2026-01-25 14:32:00;2026-02-06;-8;2026-02-14;False;3;230.0;331;2026-01-25 14:32:00;2025-04-10 14:30:00;290.0;1;0.3331510552939124;0.0;5.0;63.333333333333336;1.0;;;;;;;;;1;6;4;-5.4231124;2026-01-25 14:32:00;2026-01-31 13:50:43.089294437;5.0;2026-01-25 14:32:00;5.0
$XAUV006367$;$XAUV006367$;contrat_adex;yellow;2;29;-0.3225;5.0;15.5;2026-01-25 14:32:00;2026-02-10;-11;2026-02-21;False;3;230.0;332;2026-01-25 14:32:00;2025-04-11 14:30:00;289.0;1;0.3272996882252608;0.0;5.0;63.666666666666664;1.0;;;;;;;;;1;6;4;-7.5875382;2026-01-25 14:32:00;2026-02-02 09:53:56.695861816;7.0;2026-01-25 14:32:00;7.0
$XAUV006444$;$XAUV006444$;contrat_adex;black;7;29;-1.5614;13.0;8.3;2026-01-25 14:32:00;2026-02-02;0;2026-02-02;True;8;88.625;130;2026-01-25 14:32:00;2025-11-24 14:32:00;62.0;1;1.0220668514319309;1.0;13.0;82.625;1.0;;;;;;;;;1;6;4;0.1306834;2026-01-25 14:32:00;2026-02-02 03:08:11.046381000;7.0;2026-01-25 14:32:00;7.0
$XAUV006444$;$XAUV006444$;contrat_adex;magenta;3;29;-0.8207;1.0;1.2;2026-01-25 14:32:00;2026-01-26;-8;2026-02-03;False;4;177.5;296;2026-01-25 14:32:00;2025-11-07 14:33:00;78.0;1;0.4851739766363234;0.0;26.0;72.75;1.0;;;;;;;;;1;6;4;-6.789177;2026-01-25 14:32:00;2026-01-19 05:03:35.112304685;0.0;2026-01-25 14:32:00;0.0
$XAUV006444$;$XAUV006444$;contrat_adex;yellow;4;29;-2.0257;6.0;3.0;2026-01-25 14:32:00;2026-01-28;-11;2026-02-08;False;5;139.0;288;2026-01-25 14:32:00;2025-11-24 14:32:00;62.0;1;0.6043707023970182;0.0;13.0;75.0;1.0;;;;;;;;;1;6;4;-9.3930235;2026-01-25 14:32:00;2026-01-18 14:34:02.770385739;0.0;2026-01-25 14:32:00;0.0
$XAUV006530$;$XAUV006530$;contrat_adex;black;2;29;-0.3418;1.0;2.9;2026-01-23 16:34:00;2026-01-26;0;2026-01-26;True;3;217.66666666666666;309;2026-01-23 16:34:00;2025-03-21 14:30:00;308.0;1;0.4021333604666938;0.0;5.0;65.33333333333333;1.0;;;;;;;;;1;4;4;-0.17877421;2026-01-23 16:34:00;2026-01-25 19:42:33.908443454;2.0;2026-01-23 16:34:00;0.0
$XAUV007459$;$XAUV007459$;contrat_adex;black;3;311;-0.2675;32.0;119.6;2025-04-12 19:03:00;2025-08-10;0;2025-08-10;False;4;73.75;146;2025-04-12 19:03:00;2024-11-18 14:33:00;145.0;1;0.1681528662420382;0.0;4.2;58.25;1.0;;;;;;;;;4;5;15;-0.73007256;2025-04-12 19:03:00;2025-08-09 06:28:41.730995177;118.0;2025-04-12 19:03:00;0.0
$XAUV007459$;$XAUV007459$;contrat_adex;yellow;1;311;-0.2698;64.0;237.2;2025-04-12 19:03:00;2025-12-06;-11;2025-12-17;False;2;146.5;198;2025-04-12 19:03:00;2025-01-08 14:33:00;94.0;1;0.10961538461538463;0.0;2.5;8.0;1.0;;;;;;;;;4;5;15;-8.451591;2025-04-12 19:03:00;2025-11-27 13:09:42.577514649;228.0;2025-04-12 19:03:00;0.0
$XAUV007643$;$XAUV007643$;contrat_adex;magenta;1;28;-0.2671;3.0;11.2;2026-01-25 14:13:00;2026-02-05;-8;2026-02-13;False;2;324.0;479;2026-01-25 14:13:00;2024-10-03 14:18:00;478.0;1;0.21286417520594733;0.0;2.0;60.0;1.0;;;;;;;;;1;6;4;-7.002577;2026-01-25 14:13:00;2026-01-28 23:56:17.362060550;3.0;2026-01-25 14:13:00;2.0
$XAUV007643$;$XAUV007643$;contrat_adex;yellow;1;28;-0.2769;3.0;10.8;2026-01-25 14:13:00;2026-02-05;-11;2026-02-16;False;2;324.0;479;2026-01-25 14:13:00;2024-10-03 14:18:00;478.0;1;0.20401597347799877;0.0;2.0;60.0;1.0;;;;;;;;;1;6;4;-6.2426443;2026-01-25 14:13:00;2026-01-29 18:10:35.531616208;4.0;2026-01-25 14:13:00;3.0
$XAUV007757$;$XAUV007757$;contrat_adex;yellow;2;29;-0.2878;4.0;13.9;2026-01-25 14:32:00;2026-02-08;-11;2026-02-19;False;3;233.0;370;2026-01-25 14:32:00;2025-05-22 14:30:00;248.0;1;0.32835811613400745;0.0;4.0;64.33333333333333;1.0;;;;;;;;;1;6;4;-8.669825;2026-01-25 14:32:00;2026-01-30 07:55:27.154541018;4.0;2026-01-25 14:32:00;4.0
$XAUV011428$;$XAUV011428$;contrat_adex;yellow;0;29;-0.1525;1.0;6.6;2026-01-25 14:22:00;2026-02-01;-11;2026-02-12;False;1;143.0;143;2026-01-25 14:22:00;;;0;0.12980769230769232;0.0;2.0;0.0;1.0;;;;;;;;;1;6;4;-7.8591814;2026-01-25 14:22:00;2026-01-24 03:22:46.726684568;0.0;2026-01-25 14:22:00;0.0
$XAUV011797$;$XAUV011797$;contrat_adex;black;1;29;-0.3942;5.0;12.7;2026-01-25 14:21:00;2026-02-07;0;2026-02-07;False;2;157.0;234;2026-01-25 14:21:00;2025-06-05 21:19:00;233.0;1;0.40221088435374147;0.0;3.0;63.5;1.0;;;;;;;;;1;6;4;-2.7129226;2026-01-25 14:21:00;2026-02-04 06:53:23.489685059;9.0;2026-01-25 14:21:00;9.0
$XAUV011797$;$XAUV011797$;contrat_adex;magenta;1;29;-0.6457;7.0;10.8;2026-01-25 14:21:00;2026-02-05;-8;2026-02-13;False;2;157.0;182;2026-01-25 14:21:00;2025-07-28 13:58:00;181.0;1;0.4255499153976311;0.0;5.0;62.5;1.0;;;;;;;;;1;6;4;-5.528554;2026-01-25 14:21:00;2026-01-30 11:18:52.937622072;4.0;2026-01-25 14:21:00;4.0
$XAUV013074$;$XAUV013074$;contrat_adex;yellow;1;26;-0.18;1.0;5.6;2026-01-23 16:56:00;2026-01-29;-11;2026-02-09;False;2;157.5;306;2026-01-23 16:56:00;2025-03-24 14:36:00;305.0;1;0.1619208277103014;0.0;1.0;38.0;1.0;;;;;;;;;1;4;4;-7.256259;2026-01-23 16:56:00;2026-01-21 17:50:59.225463865;0.0;2026-01-23 16:56:00;0.0
$XAUV013215$;$XAUV013215$;contrat_adex;cyan;1;28;-0.2043;1.0;4.9;2026-01-25 14:28:00;2026-01-30;1;2026-01-29;True;2;176.0;275;2026-01-25 14:28:00;2025-04-25 14:32:00;274.0;1;0.33751542575071986;0.0;4.0;49.0;1.0;;;;;;;;;1;6;4;-2.301295;2026-01-25 14:28:00;2026-01-27 16:46:08.108367917;2.0;2026-01-25 14:28:00;1.0
$XAUV013215$;$XAUV013215$;contrat_adex;magenta;1;28;-0.2832;3.0;10.6;2026-01-25 14:28:00;2026-02-05;-8;2026-02-13;False;2;176.0;275;2026-01-25 14:28:00;2025-04-25 14:32:00;274.0;1;0.34204031262854795;0.0;4.0;48.0;1.0;;;;;;;;;1;6;4;-4.5456457;2026-01-25 14:28:00;2026-01-31 10:54:16.210327145;5.0;2026-01-25 14:28:00;5.0
$XAUV013218$;$XAUV013218$;contrat_adex;black;2;30;-0.607;7.0;11.5;2026-01-23 17:28:00;2026-02-04;0;2026-02-04;False;3;117.33333333333333;171;2026-01-23 17:28:00;2025-09-04 14:16:00;141.0;1;0.8238095238095238;0.5;18.0;61.0;1.0;;;;;;;;;1;4;4;-1.0193502;2026-01-23 17:28:00;2026-02-02 23:32:08.145217894;10.0;2026-01-23 17:28:00;7.0
$XAUV013218$;$XAUV013218$;contrat_adex;magenta;1;30;-0.4357;2.0;4.6;2026-01-23 17:28:00;2026-01-28;-8;2026-02-05;False;2;161.0;206;2026-01-23 17:28:00;2025-07-01 20:24:00;205.0;1;0.43342609771181206;0.16666666666666666;2.0;41.0;1.0;;;;;;;;;1;4;4;-8.112423;2026-01-23 17:28:00;2026-01-19 21:18:06.657714847;0.0;2026-01-23 17:28:00;0.0
$XAUV013218$;$XAUV013218$;contrat_adex;yellow;1;30;-0.3558;1.0;2.8;2026-01-23 17:28:00;2026-01-26;-11;2026-02-06;False;2;161.0;206;2026-01-23 17:28:00;2025-07-01 20:24:00;205.0;1;0.31929499072356216;0.0;2.0;40.5;1.0;;;;;;;;;1;4;4;-6.3889074;2026-01-23 17:28:00;2026-01-19 14:39:58.397827145;0.0;2026-01-23 17:28:00;0.0
$XAUV013698$;$XAUV013698$;contrat_adex;cyan;0;30;-0.1002;2.0;20.0;2026-01-23 17:12:00;2026-02-12;1;2026-02-11;False;1;223.0;223;2026-01-23 17:12:00;;;0;0.10426540284360189;0.0;1.0;24.0;1.0;;;;;;;;;1;4;4;-6.587302;2026-01-23 17:12:00;2026-02-05 09:54:17.089233397;12.0;2026-01-23 17:12:00;10.0
$XAUV013698$;$XAUV013698$;contrat_adex;magenta;0;30;-0.1184;1.0;8.4;2026-01-23 17:12:00;2026-02-01;-8;2026-02-09;False;1;223.0;223;2026-01-23 17:12:00;;;0;0.10426540284360189;0.0;1.0;23.0;1.0;;;;;;;;;1;4;4;-9.34471;2026-01-23 17:12:00;2026-01-22 15:43:37.025756838;0.0;2026-01-23 17:12:00;0.0
$XAUV014211$;$XAUV014211$;contrat_adex;black;1;28;-0.2578;3.0;11.6;2026-01-25 14:40:00;2026-02-06;0;2026-02-06;False;2;169.5;306;2026-01-25 14:40:00;2025-03-26 14:35:00;305.0;1;0.32981220657276994;0.0;3.0;48.0;1.0;;;;;;;;;1;6;4;-0.6489414;2026-01-25 14:40:00;2026-02-05 08:25:31.463241580;10.0;2026-01-25 14:40:00;10.0
$XAUV014280$;$XAUV014280$;contrat_adex;cyan;0;28;-0.5195;1.0;1.9;2026-01-25 14:19:00;2026-01-27;1;2026-01-26;True;1;66.0;66;2026-01-25 14:19:00;;;0;1.0;0.0;13.0;0.0;1.0;;;;;;;;;1;6;4;-2.0656419;2026-01-25 14:19:00;2026-01-24 22:25:28.541564942;0.0;2026-01-25 14:19:00;0.0
$XAUV014280$;$XAUV014280$;contrat_adex;magenta;0;28;-0.2256;1.0;4.4;2026-01-25 14:19:00;2026-01-30;-8;2026-02-07;False;1;66.0;66;2026-01-25 14:19:00;;;0;0.9354838709677419;0.0;16.0;0.0;1.0;;;;;;;;;1;6;4;-3.4309819;2026-01-25 14:19:00;2026-01-26 13:39:23.166046147;0.0;2026-01-25 14:19:00;0.0
$XAUV014280$;$XAUV014280$;contrat_adex;yellow;0;28;-0.2005;1.0;5.0;2026-01-25 14:19:00;2026-01-30;-11;2026-02-10;False;1;66.0;66;2026-01-25 14:19:00;;;0;0.9032258064516129;0.0;16.0;0.0;1.0;;;;;;;;;1;6;4;-3.8047805;2026-01-25 14:19:00;2026-01-26 04:41:06.966247563;0.0;2026-01-25 14:19:00;0.0
$XAUV014329$;$XAUV014329$;contrat_adex;cyan;0;29;-0.7589;1.0;1.3;2026-01-25 14:22:00;2026-01-26;1;2026-01-25;True;1;40.0;40;2026-01-25 14:22:00;;;0;0.7428571428571429;1.0;2.0;0.0;1.0;;;;;;;;;1;6;4;-0.6004232;2026-01-25 14:22:00;2026-01-25 09:35:23.434066770;0.0;2026-01-25 14:22:00;0.0
$XAUV014329$;$XAUV014329$;contrat_adex;magenta;0;29;-0.6616;1.0;1.5;2026-01-25 14:22:00;2026-01-27;-8;2026-02-04;False;1;40.0;40;2026-01-25 14:22:00;;;0;0.7;0.0;3.0;0.0;1.0;;;;;;;;;1;6;4;-5.4183517;2026-01-25 14:22:00;2026-01-21 13:57:34.417419437;0.0;2026-01-25 14:22:00;0.0
$XAUV014329$;$XAUV014329$;contrat_adex;yellow;0;29;-0.7083;1.0;1.4;2026-01-25 14:22:00;2026-01-27;-11;2026-02-07;False;1;40.0;40;2026-01-25 14:22:00;;;0;0.6857142857142857;1.0;2.0;0.0;1.0;;;;;;;;;1;6;4;-4.1918;2026-01-25 14:22:00;2026-01-22 19:23:48.469848631;0.0;2026-01-25 14:22:00;0.0
$XAUV014382$;$XAUV014382$;contrat_adex;cyan;1;86;-0.6751;19.0;28.1;2025-11-28 23:05:00;2025-12-27;1;2025-12-26;False;2;42.5;78;2025-11-28 23:05:00;2025-09-12 13:00:00;77.0;1;0.6111111111111112;0.0;4.0;24.5;1.0;;;;;;;;;11;4;48;-2.7367573;2025-11-28 23:05:00;2025-12-24 06:19:04.171142577;25.0;2025-11-28 23:05:00;0.0
$XAUV014382$;$XAUV014382$;contrat_adex;magenta;1;86;-0.5282;30.0;56.8;2025-11-28 23:05:00;2026-01-24;-8;2026-02-01;False;2;42.5;78;2025-11-28 23:05:00;2025-09-12 13:00:00;77.0;1;0.4583333333333333;0.0;3.0;21.0;1.0;;;;;;;;;11;4;48;-4.7569494;2025-11-28 23:05:00;2026-01-19 05:49:59.569702145;51.0;2025-11-28 23:05:00;0.0
$XAUV014382$;$XAUV014382$;contrat_adex;yellow;1;86;-0.6594;13.0;19.7;2025-11-28 23:05:00;2025-12-18;-11;2025-12-29;False;2;42.5;78;2025-11-28 23:05:00;2025-09-12 13:00:00;77.0;1;0.5833333333333334;0.0;3.0;25.0;1.0;;;;;;;;;11;4;48;-6.2668366;2025-11-28 23:05:00;2025-12-11 17:35:45.314025879;12.0;2025-11-28 23:05:00;0.0
$XAUV014389$;$XAUV014389$;contrat_adex;black;0;29;-0.1897;1.0;5.3;2026-01-25 14:19:00;2026-01-30;0;2026-01-30;True;1;61.0;61;2026-01-25 14:19:00;;;0;0.32432432432432434;0.0;2.0;0.0;1.0;;;;;;;;;1;6;4;-3.0269582;2026-01-25 14:19:00;2026-01-26 23:21:10.809173584;1.0;2026-01-25 14:19:00;0.0
$XAUV014389$;$XAUV014389$;contrat_adex;cyan;0;29;-0.6755;1.0;1.5;2026-01-25 14:19:00;2026-01-27;1;2026-01-26;True;1;61.0;61;2026-01-25 14:19:00;;;0;0.5945945945945946;0.0;3.0;0.0;1.0;;;;;;;;;1;6;4;-2.064548;2026-01-25 14:19:00;2026-01-24 22:27:03.051452636;0.0;2026-01-25 14:19:00;0.0
$XAUV014389$;$XAUV014389$;contrat_adex;magenta;0;29;-0.4296;1.0;2.3;2026-01-25 14:19:00;2026-01-27;-8;2026-02-04;False;1;61.0;61;2026-01-25 14:19:00;;;0;0.5;0.0;6.0;0.0;1.0;;;;;;;;;1;6;4;-5.6642437;2026-01-25 14:19:00;2026-01-21 08:03:29.344482424;0.0;2026-01-25 14:19:00;0.0
$XAUV014389$;$XAUV014389$;contrat_adex;yellow;0;29;-0.3686;1.0;2.7;2026-01-25 14:19:00;2026-01-28;-11;2026-02-08;False;1;61.0;61;2026-01-25 14:19:00;;;0;0.4864864864864865;0.0;4.0;0.0;1.0;;;;;;;;;1;6;4;-3.7458246;2026-01-25 14:19:00;2026-01-24 06:06:00.756683350;0.0;2026-01-25 14:19:00;0.0
$XAUV014415$;$XAUV014415$;contrat_adex;black;0;37;-0.1258;1.0;7.9;2026-01-25 14:28:00;2026-02-02;0;2026-02-02;True;1;206.0;206;2026-01-25 14:28:00;;;0;0.7908496732026143;0.4444444444444444;7.0;74.0;1.0;;;;;;;;;1;6;4;-4.630786;2026-01-25 14:28:00;2026-01-28 08:51:40.094604496;2.0;2026-01-25 14:28:00;2.0
$XAUV014673$;$XAUV014673$;contrat_adex;black;1;28;-0.1259;1.0;7.9;2026-01-25 14:07:00;2026-02-02;0;2026-02-02;True;2;158.5;260;2026-01-25 14:07:00;2025-05-10 14:28:00;259.0;1;0.5580808080808081;0.0;12.0;49.0;1.0;;;;;;;;;1;6;4;-0.10092114;2026-01-25 14:07:00;2026-02-01 21:34:40.413579937;7.0;2026-01-25 14:07:00;6.0
$XAUV014673$;$XAUV014673$;contrat_adex;cyan;1;28;-0.4487;3.0;6.7;2026-01-25 14:07:00;2026-02-01;1;2026-01-31;True;2;157.5;189;2026-01-25 14:07:00;2025-07-21 13:56:00;188.0;1;0.5109427609427609;0.0;7.0;47.0;1.0;;;;;;;;;1;6;4;-1.0904373;2026-01-25 14:07:00;2026-01-30 21:49:46.217880247;5.0;2026-01-25 14:07:00;4.0
$XAUV014674$;$XAUV014674$;contrat_adex;black;1;66;-1.0877;43.0;39.5;2025-12-12 16:31:00;2026-01-21;0;2026-01-21;False;2;121.0;163;2025-12-12 16:31:00;2025-07-03 14:37:00;162.0;1;0.25;0.0;5.0;18.5;1.0;;;;;;;;;12;4;50;-0.8086021;2025-12-12 16:31:00;2026-01-20 04:35:36.779022215;38.0;2025-12-12 16:31:00;0.0
$XAUV014674$;$XAUV014674$;contrat_adex;cyan;0;66;-0.1256;1.0;8.0;2025-12-12 16:31:00;2025-12-20;1;2025-12-19;True;1;299.0;299;2025-12-12 16:31:00;;;0;0.08888888888888889;0.0;2.0;0.0;1.0;;;;;;;;;12;4;50;-6.526557;2025-12-12 16:31:00;2025-12-13 11:21:45.477905271;0.0;2025-12-12 16:31:00;0.0
$XAUV014703$;$XAUV014703$;contrat_adex;black;0;29;-0.89;1.0;1.1;2026-01-25 14:19:00;2026-01-26;0;2026-01-26;True;1;40.0;40;2026-01-25 14:19:00;;;0;0.8;1.0;3.0;0.0;1.0;;;;;;;;;1;6;4;-2.5737104;2026-01-25 14:19:00;2026-01-23 10:13:51.417846676;0.0;2026-01-25 14:19:00;0.0
$XAUV014703$;$XAUV014703$;contrat_adex;magenta;0;29;-0.6399;5.0;7.8;2026-01-25 14:19:00;2026-02-02;-8;2026-02-10;False;1;40.0;40;2026-01-25 14:19:00;;;0;0.7;0.0;6.0;0.0;1.0;;;;;;;;;1;6;4;-6.2327046;2026-01-25 14:19:00;2026-01-26 18:24:54.319152834;1.0;2026-01-25 14:19:00;0.0
$XAUV014703$;$XAUV014703$;contrat_adex;yellow;0;29;-0.7936;2.0;2.5;2026-01-25 14:19:00;2026-01-28;-11;2026-02-08;False;1;40.0;40;2026-01-25 14:19:00;;;0;0.7428571428571429;0.0;6.0;0.0;1.0;;;;;;;;;1;6;4;-5.340006;2026-01-25 14:19:00;2026-01-22 15:50:23.492431640;0.0;2026-01-25 14:19:00;0.0
$XAUV014706$;$XAUV014706$;contrat_adex;black;0;29;-0.4189;1.0;2.4;2026-01-25 14:22:00;2026-01-27;0;2026-01-27;True;1;61.0;61;2026-01-25 14:22:00;;;0;0.4868421052631579;0.0;4.0;0.0;1.0;;;;;;;;;1;6;4;-3.721989;2026-01-25 14:22:00;2026-01-23 06:40:20.157623291;0.0;2026-01-25 14:22:00;0.0
$XAUV014772$;$XAUV014772$;contrat_adex;magenta;1;29;-0.4139;7.0;16.9;2026-01-25 14:37:00;2026-02-11;-8;2026-02-19;False;2;149.0;246;2026-01-25 14:37:00;2025-05-25 14:35:00;245.0;1;0.3680555555555556;0.0;4.0;43.5;1.0;;;;;;;;;1;6;4;-5.4272017;2026-01-25 14:37:00;2026-02-05 13:44:49.768981933;10.0;2026-01-25 14:37:00;10.0
$XAUV015003$;$XAUV015003$;contrat_adex;magenta;0;26;-0.704;2.0;2.8;2026-01-25 14:19:00;2026-01-28;-8;2026-02-05;False;1;40.0;40;2026-01-25 14:19:00;;;0;1.5;0.0;9.0;0.0;1.0;;;;;;;;;1;6;4;-5.127533;2026-01-25 14:19:00;2026-01-22 20:56:21.152343748;0.0;2026-01-25 14:19:00;0.0
$XAUV015003$;$XAUV015003$;contrat_adex;yellow;0;26;-0.7064;3.0;4.2;2026-01-25 14:19:00;2026-01-29;-11;2026-02-09;False;1;40.0;40;2026-01-25 14:19:00;;;0;1.4;0.0;9.0;0.0;1.0;;;;;;;;;1;6;4;-5.224994;2026-01-25 14:19:00;2026-01-23 18:36:00.502624510;0.0;2026-01-25 14:19:00;0.0
$XAUV015082$;$XAUV015082$;contrat_adex;cyan;0;29;-0.5257;1.0;1.9;2026-01-25 14:19:00;2026-01-27;1;2026-01-26;True;1;41.0;41;2026-01-25 14:19:00;;;0;0.6891891891891891;0.0;9.0;0.0;1.0;;;;;;;;;1;6;4;-3.7024815;2026-01-25 14:19:00;2026-01-23 07:08:25.597686768;0.0;2026-01-25 14:19:00;0.0
$XAUV015082$;$XAUV015082$;contrat_adex;magenta;0;29;-0.5922;1.0;1.7;2026-01-25 14:19:00;2026-01-27;-8;2026-02-04;False;1;41.0;41;2026-01-25 14:19:00;;;0;0.6486486486486487;0.0;6.0;0.0;1.0;;;;;;;;;1;6;4;-7.2741876;2026-01-25 14:19:00;2026-01-19 17:25:10.194396969;0.0;2026-01-25 14:19:00;0.0
$XAUV015082$;$XAUV015082$;contrat_adex;yellow;0;29;-0.5776;1.0;1.7;2026-01-25 14:19:00;2026-01-27;-11;2026-02-07;False;1;41.0;41;2026-01-25 14:19:00;;;0;0.581081081081081;0.0;5.0;0.0;1.0;;;;;;;;;1;6;4;-5.4679184;2026-01-25 14:19:00;2026-01-21 12:46:11.850585937;0.0;2026-01-25 14:19:00;0.0
$XAUV015108$;$XAUV015108$;contrat_adex;black;0;29;-0.6362;1.0;1.6;2026-01-25 14:21:00;2026-01-27;0;2026-01-27;True;1;41.0;41;2026-01-25 14:21:00;;;0;0.6363636363636364;0.0;2.0;0.0;1.0;;;;;;;;;1;6;4;-4.7262077;2026-01-25 14:21:00;2026-01-22 06:34:15.651855469;0.0;2026-01-25 14:21:00;0.0
$XAUV015126$;$XAUV015126$;contrat_adex;black;0;29;-0.4352;1.0;2.3;2026-01-25 14:22:00;2026-01-27;0;2026-01-27;True;1;40.0;40;2026-01-25 14:22:00;;;0;0.4722222222222222;0.0;2.0;0.0;1.0;;;;;;;;;1;6;4;-2.40909;2026-01-25 14:22:00;2026-01-24 14:10:54.620361325;0.0;2026-01-25 14:22:00;0.0
$XAUV015148$;$XAUV015148$;contrat_adex;magenta;0;28;-0.1114;2.0;18.0;2026-01-25 14:28:00;2026-02-12;-8;2026-02-20;False;1;324.0;324;2026-01-25 14:28:00;;;0;0.10474006116207951;0.0;1.0;0.0;1.0;;;;;;;;;1;6;4;-9.161292;2026-01-25 14:28:00;2026-02-02 20:07:44.364624027;8.0;2026-01-25 14:28:00;7.0
$XAUV015203$;$XAUV015203$;contrat_adex;black;0;29;-0.1314;1.0;7.6;2026-01-25 14:21:00;2026-02-02;0;2026-02-02;True;1;40.0;40;2026-01-25 14:21:00;;;0;0.3611111111111111;0.0;3.0;0.0;1.0;;;;;;;;;1;6;4;-0.42604318;2026-01-25 14:21:00;2026-02-01 13:46:29.869022367;6.0;2026-01-25 14:21:00;6.0
$XAUV016069$;$XAUV016069$;contrat_adex;cyan;0;29;-0.5256;7.0;13.3;2026-01-25 14:19:00;2026-02-07;1;2026-02-06;False;1;41.0;41;2026-01-25 14:19:00;;;0;0.6081081081081081;1.0;2.0;0.0;1.0;;;;;;;;;1;6;4;-1.9052781;2026-01-25 14:19:00;2026-02-05 02:16:23.973312378;10.0;2026-01-25 14:19:00;10.0
$XAUV016069$;$XAUV016069$;contrat_adex;magenta;0;29;-0.567;1.0;1.8;2026-01-25 14:19:00;2026-01-27;-8;2026-02-04;False;1;41.0;41;2026-01-25 14:19:00;;;0;0.7027027027027027;0.0;3.0;0.0;1.0;;;;;;;;;1;6;4;-5.214299;2026-01-25 14:19:00;2026-01-21 18:51:24.548950199;0.0;2026-01-25 14:19:00;0.0
$XAUV016069$;$XAUV016069$;contrat_adex;yellow;0;29;-0.5944;1.0;1.7;2026-01-25 14:19:00;2026-01-27;-11;2026-02-07;False;1;41.0;41;2026-01-25 14:19:00;;;0;0.6756756756756757;1.0;3.0;0.0;1.0;;;;;;;;;1;6;4;-5.603674;2026-01-25 14:19:00;2026-01-21 09:30:42.572021487;0.0;2026-01-25 14:19:00;0.0
$XAUV016239$;$XAUV016239$;contrat_adex;cyan;0;28;-0.7394;6.0;8.1;2026-01-25 14:22:00;2026-02-02;1;2026-02-01;True;1;40.0;40;2026-01-25 14:22:00;;;0;0.734375;0.0;8.0;0.0;1.0;;;;;;;;;1;6;4;-0.6306398;2026-01-25 14:22:00;2026-02-01 08:51:52.722015385;6.0;2026-01-25 14:22:00;6.0
$XAUV016373$;$XAUV016373$;contrat_adex;yellow;0;29;-0.1394;2.0;14.3;2026-01-25 14:32:00;2026-02-08;-11;2026-02-19;False;1;240.0;240;2026-01-25 14:32:00;;;0;0.14761904761904762;0.0;2.0;0.0;1.0;;;;;;;;;1;6;4;-7.1291547;2026-01-25 14:32:00;2026-01-31 20:54:01.035461428;6.0;2026-01-25 14:32:00;5.0
$XAUV016648$;$XAUV016648$;contrat_adex;black;1;29;-0.6918;1.0;1.4;2026-01-23 16:54:00;2026-01-25;0;2026-01-25;True;2;53.0;78;2026-01-23 16:54:00;2025-11-07 14:44:00;77.0;1;1.4307692307692308;1.0;5.0;49.0;1.0;;;;;;;;;1;4;4;-1.4595953;2026-01-23 16:54:00;2026-01-23 12:58:10.964126592;0.0;2026-01-23 16:54:00;0.0
$XAUV016711$;$XAUV016711$;contrat_adex;black;0;29;-0.4603;1.0;2.2;2026-01-25 14:21:00;2026-01-27;0;2026-01-27;True;1;59.0;59;2026-01-25 14:21:00;;;0;0.4722222222222222;0.0;4.0;0.0;1.0;;;;;;;;;1;6;4;-3.4844353;2026-01-25 14:21:00;2026-01-23 12:22:24.788360597;0.0;2026-01-25 14:21:00;0.0
$XAUV016898$;$XAUV016898$;contrat_adex;black;0;29;-0.9856;1.0;1.0;2026-01-25 14:22:00;2026-01-26;0;2026-01-26;True;1;40.0;40;2026-01-25 14:22:00;;;0;0.6666666666666666;0.0;2.0;0.0;1.0;;;;;;;;;1;6;4;-1.7420596;2026-01-25 14:22:00;2026-01-24 06:11:26.051559450;0.0;2026-01-25 14:22:00;0.0
$XAUV016898$;$XAUV016898$;contrat_adex;cyan;0;29;-0.8818;3.0;3.4;2026-01-25 14:22:00;2026-01-29;1;2026-01-28;True;1;40.0;40;2026-01-25 14:22:00;;;0;0.7638888888888888;0.75;4.0;0.0;1.0;;;;;;;;;1;6;4;-0.8810255;2026-01-25 14:22:00;2026-01-28 02:51:19.397392272;2.0;2026-01-25 14:22:00;2.0
$XAUV016898$;$XAUV016898$;contrat_adex;magenta;0;29;-0.959;1.0;1.0;2026-01-25 14:22:00;2026-01-26;-8;2026-02-03;False;1;40.0;40;2026-01-25 14:22:00;;;0;0.75;1.0;2.0;0.0;1.0;;;;;;;;;1;6;4;-1.1417047;2026-01-25 14:22:00;2026-01-24 20:35:56.715774533;0.0;2026-01-25 14:22:00;0.0
$XAUV016898$;$XAUV016898$;contrat_adex;yellow;0;29;-0.9773;1.0;1.0;2026-01-25 14:22:00;2026-01-26;-11;2026-02-06;False;1;40.0;40;2026-01-25 14:22:00;;;0;0.7083333333333334;0.25;3.0;0.0;1.0;;;;;;;;;1;6;4;-4.00543;2026-01-25 14:22:00;2026-01-21 23:52:10.828857424;0.0;2026-01-25 14:22:00;0.0
$XAUV018018$;$XAUV018018$;contrat_adex;cyan;0;29;-0.641;1.0;1.6;2026-01-25 14:21:00;2026-01-27;1;2026-01-26;True;1;40.0;40;2026-01-25 14:21:00;;;0;0.5285714285714286;0.0;4.0;0.0;1.0;;;;;;;;;1;6;4;-2.3179672;2026-01-25 14:21:00;2026-01-24 16:22:07.635955809;0.0;2026-01-25 14:21:00;0.0
$XAUV018191$;$XAUV018191$;contrat_adex;black;0;29;-0.1514;1.0;6.6;2026-01-25 14:20:00;2026-02-01;0;2026-02-01;True;1;40.0;40;2026-01-25 14:20:00;;;0;0.4117647058823529;0.0;4.0;0.0;1.0;;;;;;;;;1;6;4;-2.4726691;2026-01-25 14:20:00;2026-01-29 12:39:21.387634275;3.0;2026-01-25 14:20:00;3.0
$XAUV018240$;$XAUV018240$;contrat_adex;black;0;29;-0.6146;1.0;1.6;2026-01-25 14:22:00;2026-01-27;0;2026-01-27;True;1;40.0;40;2026-01-25 14:22:00;;;0;0.6911764705882353;1.0;3.0;0.0;1.0;;;;;;;;;1;6;4;-4.3224607;2026-01-25 14:22:00;2026-01-22 16:15:39.399719239;0.0;2026-01-25 14:22:00;0.0
$XAUV018241$;$XAUV018241$;contrat_adex;cyan;0;29;-0.8764;7.0;8.0;2026-01-25 14:22:00;2026-02-02;1;2026-02-01;True;1;41.0;41;2026-01-25 14:22:00;;;0;0.6805555555555556;0.0;3.0;0.0;1.0;;;;;;;;;1;6;4;-1.4987977;2026-01-25 14:22:00;2026-01-31 12:01:43.882598877;5.0;2026-01-25 14:22:00;5.0
$XAUV018241$;$XAUV018241$;contrat_adex;magenta;0;29;-0.913;4.0;4.4;2026-01-25 14:22:00;2026-01-29;-8;2026-02-06;False;1;41.0;41;2026-01-25 14:22:00;;;0;0.7222222222222222;1.0;3.0;0.0;1.0;;;;;;;;;1;6;4;-3.5126812;2026-01-25 14:22:00;2026-01-25 11:41:44.340362552;0.0;2026-01-25 14:22:00;0.0
$XAUV018241$;$XAUV018241$;contrat_adex;yellow;0;29;-0.9481;3.0;3.2;2026-01-25 14:22:00;2026-01-28;-11;2026-02-08;False;1;41.0;41;2026-01-25 14:22:00;;;0;0.7777777777777778;0.75;4.0;0.0;1.0;;;;;;;;;1;6;4;-3.1509218;2026-01-25 14:22:00;2026-01-24 20:22:40.354614262;0.0;2026-01-25 14:22:00;0.0
$XAUV018479$;$XAUV018479$;contrat_adex;black;0;29;-1.0027;1.0;1.0;2026-01-25 14:20:00;2026-01-26;0;2026-01-26;True;1;41.0;41;2026-01-25 14:20:00;;;0;0.9;0.0;9.0;0.0;1.0;;;;;;;;;1;6;4;-0.21774463;2026-01-25 14:20:00;2026-01-25 18:46:26.863660814;0.0;2026-01-25 14:20:00;0.0
$XAUV018480$;$XAUV018480$;contrat_adex;cyan;0;29;-0.5743;8.0;13.9;2026-01-25 14:22:00;2026-02-08;1;2026-02-07;False;1;41.0;41;2026-01-25 14:22:00;;;0;0.6;0.0;3.0;0.0;1.0;;;;;;;;;1;6;4;-2.803593;2026-01-25 14:22:00;2026-02-05 04:42:49.571685795;10.0;2026-01-25 14:22:00;10.0
$XAUV018480$;$XAUV018480$;contrat_adex;magenta;0;29;-0.5573;6.0;10.8;2026-01-25 14:22:00;2026-02-05;-8;2026-02-13;False;1;41.0;41;2026-01-25 14:22:00;;;0;0.65;0.0;3.0;0.0;1.0;;;;;;;;;1;6;4;-3.2480733;2026-01-25 14:22:00;2026-02-01 18:02:46.463470458;7.0;2026-01-25 14:22:00;6.0
$XAUV018480$;$XAUV018480$;contrat_adex;yellow;0;29;-0.5478;7.0;12.8;2026-01-25 14:22:00;2026-02-07;-11;2026-02-18;False;1;41.0;41;2026-01-25 14:22:00;;;0;0.6166666666666667;0.0;4.0;0.0;1.0;;;;;;;;;1;6;4;-4.497884;2026-01-25 14:22:00;2026-02-02 12:03:02.839965820;7.0;2026-01-25 14:22:00;7.0
$XAV6000015$;$XAV6000015$;contrat_adex;cyan;2;231;-0.2936;58.0;197.6;2025-06-25 18:03:00;2026-01-09;1;2026-01-08;False;3;243.66666666666666;514;2025-06-25 18:03:00;2025-01-28 14:33:00;148.0;1;0.2028744140143104;0.0;3.0;48.666666666666664;1.0;;;;;;;;;6;2;26;-1.9260907;2025-06-25 18:03:00;2026-01-07 01:46:25.762023924;195.0;2025-06-25 18:03:00;0.0
$XAV6000015$;$XAV6000015$;contrat_adex;yellow;2;231;-0.2343;49.0;209.1;2025-06-25 18:03:00;2026-01-20;-11;2026-01-31;False;3;243.66666666666666;492;2025-06-25 18:03:00;2025-01-06 14:33:00;170.0;1;0.211880088823094;0.0;3.0;52.0;1.0;;;;;;;;;6;2;26;-10.419536;2025-06-25 18:03:00;2026-01-09 13:55:52.120971676;197.0;2025-06-25 18:03:00;0.0
$XAV6002300$;$XAV6002300$;contrat_adex;yellow;1;29;-0.2958;1.0;3.4;2026-01-25 14:22:00;2026-01-28;-11;2026-02-08;False;2;158.0;222;2026-01-25 14:22:00;2025-06-17 21:21:00;221.0;1;0.35429824561403506;0.0;4.0;46.0;1.0;;;;;;;;;1;6;4;-7.4210124;2026-01-25 14:22:00;2026-01-20 13:53:44.528503419;0.0;2026-01-25 14:22:00;0.0
$XAV6002967$;$XAV6002967$;contrat_adex;black;1;28;-0.4079;1.0;2.5;2026-01-25 14:40:00;2026-01-28;0;2026-01-28;True;2;153.0;254;2026-01-25 14:40:00;2025-05-17 14:35:00;253.0;1;0.46078431372549017;0.0;3.0;49.0;1.0;;;;;;;;;1;6;4;0.16053481;2026-01-25 14:40:00;2026-01-28 03:51:10.207929608;2.0;2026-01-25 14:40:00;2.0
$XAV6002967$;$XAV6002967$;contrat_adex;magenta;1;28;-0.3857;1.0;2.6;2026-01-25 14:40:00;2026-01-28;-8;2026-02-05;False;2;153.0;242;2026-01-25 14:40:00;2025-05-29 14:36:00;241.0;1;0.44607843137254904;0.0;5.0;49.0;1.0;;;;;;;;;1;6;4;-5.799911;2026-01-25 14:40:00;2026-01-22 04:48:07.687683104;0.0;2026-01-25 14:40:00;0.0
$XAV6002967$;$XAV6002967$;contrat_adex;yellow;1;28;-0.4491;1.0;2.2;2026-01-25 14:40:00;2026-01-27;-11;2026-02-07;False;2;152.5;234;2026-01-25 14:40:00;2025-06-05 21:25:00;233.0;1;0.4722222222222222;0.0;5.0;48.5;1.0;;;;;;;;;1;6;4;-6.1263514;2026-01-25 14:40:00;2026-01-20 20:58:03.242797856;0.0;2026-01-25 14:40:00;0.0
$XAV6002983$;$XAV6002983$;contrat_adex;cyan;1;28;-0.4372;6.0;13.7;2026-01-25 14:31:00;2026-02-08;1;2026-02-07;False;2;150.0;219;2026-01-25 14:31:00;2025-06-20 21:22:00;218.0;1;0.4160776160776161;0.0;4.0;46.5;1.0;;;;;;;;;1;6;4;-2.579538;2026-01-25 14:31:00;2026-02-05 10:05:27.907562259;10.0;2026-01-25 14:31:00;10.0
$XAV6002988$;$XAV6002988$;contrat_adex;cyan;1;28;-0.4602;5.0;10.9;2026-01-25 14:34:00;2026-02-05;1;2026-02-04;False;2;159.0;251;2026-01-25 14:34:00;2025-05-20 14:33:00;250.0;1;0.38107202680067;0.0;4.0;47.0;1.0;;;;;;;;;1;6;4;-0.96487594;2026-01-25 14:34:00;2026-02-04 00:50:34.719085692;9.0;2026-01-25 14:34:00;9.0
$XAV6003011$;$XAV6003011$;contrat_adex;black;1;81;-0.7375;43.0;58.3;2025-12-04 09:46:00;2026-01-31;0;2026-01-31;False;2;36.0;57;2025-12-04 09:46:00;2025-10-08 14:36:00;56.0;1;0.7985074626865671;0.0;8.0;27.5;1.0;;;;;;;;;12;3;49;-2.3717182;2025-12-04 09:46:00;2026-01-28 15:04:43.550262449;55.0;2025-12-04 09:46:00;2.0
$XAV6003016$;$XAV6003016$;contrat_adex;magenta;1;20;-0.5186;7.0;13.5;2026-01-24 21:23:00;2026-02-07;-8;2026-02-15;False;2;163.0;181;2026-01-24 21:23:00;2025-07-28 14:01:00;180.0;1;0.47582218776248625;0.0;4.0;42.5;1.0;;;;;;;;;1;5;4;-6.4768305;2026-01-24 21:23:00;2026-01-31 12:33:21.846313478;6.0;2026-01-24 21:23:00;5.0
$XAV6003038$;$XAV6003038$;contrat_adex;black;1;40;-0.3147;2.0;6.4;2026-01-09 16:53:00;2026-01-16;0;2026-01-16;True;2;158.0;243;2026-01-09 16:53:00;2025-05-12 14:28:00;242.0;1;0.8397113997113996;0.0;23.0;43.5;1.0;;;;;;;;;1;4;2;-1.3236763;2026-01-09 16:53:00;2026-01-14 16:13:54.363555912;4.0;2026-01-09 16:53:00;0.0
$XAV6003220$;$XAV6003220$;contrat_adex;cyan;1;29;-0.4934;3.0;6.1;2026-01-25 14:06:00;2026-01-31;1;2026-01-30;True;2;152.0;206;2026-01-25 14:06:00;2025-07-03 14:24:00;205.0;1;0.38546603475513425;0.0;3.0;47.5;1.0;;;;;;;;;1;6;4;-2.1339211;2026-01-25 14:06:00;2026-01-28 20:47:09.212951663;3.0;2026-01-25 14:06:00;2.0
$XAV6003220$;$XAV6003220$;contrat_adex;magenta;1;29;-0.4473;6.0;13.4;2026-01-25 14:06:00;2026-02-08;-8;2026-02-16;False;2;152.0;206;2026-01-25 14:06:00;2025-07-03 14:24:00;205.0;1;0.36334913112164297;0.0;2.0;46.0;1.0;;;;;;;;;1;6;4;-4.103309;2026-01-25 14:06:00;2026-02-03 21:31:14.089050293;9.0;2026-01-25 14:06:00;8.0
$XAV6003363$;$XAV6003363$;contrat_adex;black;1;28;-0.5931;4.0;6.7;2026-01-25 14:34:00;2026-02-01;0;2026-02-01;True;2;152.0;249;2026-01-25 14:34:00;2025-05-22 14:33:00;248.0;1;0.41361256544502617;0.0;4.0;45.5;1.0;;;;;;;;;1;6;4;-2.7810886;2026-01-25 14:34:00;2026-01-29 05:15:13.945770268;3.0;2026-01-25 14:34:00;3.0
$XAV6003363$;$XAV6003363$;contrat_adex;cyan;1;28;-0.5262;1.0;1.9;2026-01-25 14:34:00;2026-01-27;1;2026-01-26;True;2;151.5;237;2026-01-25 14:34:00;2025-06-02 21:23:00;236.0;1;0.4635416666666667;0.0;4.0;49.0;1.0;;;;;;;;;1;6;4;-3.1495068;2026-01-25 14:34:00;2026-01-23 20:24:42.611846922;0.0;2026-01-25 14:34:00;0.0
$XAV6003363$;$XAV6003363$;contrat_adex;magenta;1;28;-0.5538;1.0;1.8;2026-01-25 14:34:00;2026-01-27;-8;2026-02-04;False;2;151.5;237;2026-01-25 14:34:00;2025-06-02 21:23:00;236.0;1;0.40277777777777773;0.0;7.0;49.0;1.0;;;;;;;;;1;6;4;-7.1241336;2026-01-25 14:34:00;2026-01-19 21:01:14.858093266;0.0;2026-01-25 14:34:00;0.0
$XAV6003543$;$XAV6003543$;contrat_adex;black;3;29;-0.6299;1.0;1.6;2026-01-25 14:29:00;2026-01-27;0;2026-01-27;True;4;115.0;158;2026-01-25 14:29:00;2025-09-25 14:29:00;122.0;1;0.6831091180866966;0.0;7.0;73.0;1.0;;;;;;;;;1;6;4;-1.7195781;2026-01-25 14:29:00;2026-01-25 06:43:48.448104860;0.0;2026-01-25 14:29:00;0.0
$XAV6003543$;$XAV6003543$;contrat_adex;yellow;2;29;-0.7674;14.0;18.2;2026-01-25 14:29:00;2026-02-12;-11;2026-02-23;False;3;153.33333333333334;215;2026-01-25 14:29:00;2025-09-04 14:29:00;143.0;1;0.4541387024608501;0.0;8.0;60.333333333333336;1.0;;;;;;;;;1;6;4;-6.9919367;2026-01-25 14:29:00;2026-02-05 00:11:36.670532226;10.0;2026-01-25 14:29:00;10.0
$XAVG000062$;$XAVG000062$;contrat_adex;black;2;29;-0.2189;1.0;4.6;2026-01-25 14:40:00;2026-01-30;0;2026-01-30;True;3;219.33333333333334;372;2026-01-25 14:40:00;2025-08-29 14:18:00;149.0;1;0.5818452380952381;0.0;4.0;65.33333333333333;1.0;;;;;;;;;1;6;4;0.035184335;2026-01-25 14:40:00;2026-01-30 00:50:39.926540855;4.0;2026-01-25 14:40:00;4.0
$XAVG000062$;$XAVG000062$;contrat_adex;yellow;1;29;-0.3777;1.0;2.6;2026-01-25 14:40:00;2026-01-28;-11;2026-02-08;False;2;329.0;374;2026-01-25 14:40:00;2025-04-17 14:35:00;283.0;1;0.2849702380952381;0.0;2.0;49.0;1.0;;;;;;;;;1;6;4;-7.120714;2026-01-25 14:40:00;2026-01-20 21:06:10.294189451;0.0;2026-01-25 14:40:00;0.0
$XAVG000133$;$XAVG000133$;contrat_adex;black;1;427;-0.5617;59.0;105.0;2024-12-16 13:46:00;2025-03-31;0;2025-03-31;False;2;104.0;172;2024-12-16 13:46:00;2024-06-27 14:46:00;171.0;1;0.25632440476190477;0.0;8.0;20.0;1.0;;;;;;;;;12;0;51;-2.239055;2024-12-16 13:46:00;2025-03-28 18:15:45.655059814;102.0;2024-12-16 13:46:00;0.0
$XAVG000133$;$XAVG000133$;contrat_adex;cyan;1;427;-0.9542;41.0;43.0;2024-12-16 13:46:00;2025-01-28;1;2025-01-27;False;2;104.0;172;2024-12-16 13:46:00;2024-06-27 14:46:00;171.0;1;0.4561011904761905;0.0;16.0;29.0;1.0;;;;;;;;;12;0;51;-0.6605435;2024-12-16 13:46:00;2025-01-27 08:08:49.041481019;41.0;2024-12-16 13:46:00;0.0
$XAVG000133$;$XAVG000133$;contrat_adex;magenta;1;427;-0.6368;53.0;83.2;2024-12-16 13:46:00;2025-03-09;-8;2025-03-17;False;2;104.0;172;2024-12-16 13:46:00;2024-06-27 14:46:00;171.0;1;0.4248511904761905;0.0;13.0;23.0;1.0;;;;;;;;;12;0;51;-8.38579;2024-12-16 13:46:00;2025-02-28 14:44:27.755126955;74.0;2024-12-16 13:46:00;0.0
$XAVG000133$;$XAVG000133$;contrat_adex;yellow;1;427;-0.6812;45.0;66.1;2024-12-16 13:46:00;2025-02-20;-11;2025-03-03;False;2;104.0;172;2024-12-16 13:46:00;2024-06-27 14:46:00;171.0;1;0.41294642857142855;0.0;11.0;27.0;1.0;;;;;;;;;12;0;51;-7.8916416;2024-12-16 13:46:00;2025-02-12 02:36:02.164306640;57.0;2024-12-16 13:46:00;0.0
$XAVG000139$;$XAVG000139$;contrat_adex;black;1;26;-0.2113;1.0;4.7;2026-01-24 17:22:00;2026-01-29;0;2026-01-29;True;2;328.0;480;2026-01-24 17:22:00;2024-10-02 14:35:00;479.0;1;0.2444383158668873;0.0;2.0;49.0;1.0;;;;;;;;;1;5;4;-2.7700255;2026-01-24 17:22:00;2026-01-26 05:31:09.797515868;1.0;2026-01-24 17:22:00;0.0
$XAVG000919$;$XAVG000919$;contrat_adex;magenta;1;26;-0.2902;1.0;3.4;2026-01-19 17:52:00;2026-01-23;-8;2026-01-31;False;2;145.0;216;2026-01-19 17:52:00;2025-06-17 21:18:00;215.0;1;0.43179563492063494;0.0;4.0;48.0;1.0;;;;;;;;;1;0;4;-4.8516097;2026-01-19 17:52:00;2026-01-18 03:33:40.921325681;0.0;2026-01-19 17:52:00;0.0
$XAVG000927$;$XAVG000927$;contrat_adex;cyan;2;29;-1.433;1.0;0.7;2026-01-24 21:23:00;2026-01-25;1;2026-01-24;True;3;108.0;138;2026-01-24 21:23:00;2025-10-17 14:25:00;99.0;1;0.6525821596244131;0.0;9.0;65.33333333333333;1.0;;;;;;;;;1;5;4;-1.5333736;2026-01-24 21:23:00;2026-01-23 11:11:56.521453854;0.0;2026-01-24 21:23:00;0.0
$XAVG000929$;$XAVG000929$;contrat_adex;yellow;2;40;-0.5653;14.0;24.8;2026-01-12 17:52:00;2026-02-06;-11;2026-02-17;False;3;87.33333333333333;135;2026-01-12 17:52:00;2025-10-02 14:12:00;102.0;1;1.0045177045177045;0.0;21.0;53.666666666666664;1.0;;;;;;;;;1;0;3;-9.700647;2026-01-12 17:52:00;2026-01-27 07:11:04.068603514;14.0;2026-01-12 17:52:00;1.0
$XAVG000931$;$XAVG000931$;contrat_adex;black;1;29;-0.435;1.0;2.3;2026-01-25 14:44:00;2026-01-27;0;2026-01-27;True;2;111.0;181;2026-01-25 14:44:00;2025-07-29 14:44:00;180.0;1;0.5258215962441315;0.0;3.0;49.0;1.0;;;;;;;;;1;6;4;-2.2547274;2026-01-25 14:44:00;2026-01-24 17:53:11.555786136;0.0;2026-01-25 14:44:00;0.0
$XAVG000946$;$XAVG000946$;contrat_adex;black;2;16;-0.4974;1.0;2.0;2026-01-22 21:26:00;2026-01-24;0;2026-01-24;True;3;113.33333333333333;170;2026-01-22 21:26:00;2025-08-06 14:38:00;169.0;1;0.782967032967033;0.6666666666666666;8.0;55.333333333333336;1.0;;;;;;;;;1;3;4;-0.4309879;2026-01-22 21:26:00;2026-01-23 13:39:22.645912168;0.0;2026-01-22 21:26:00;0.0
$XAVG000946$;$XAVG000946$;contrat_adex;yellow;1;16;-0.5875;11.0;18.7;2026-01-22 21:26:00;2026-02-10;-11;2026-02-21;False;2;170.0;177;2026-01-22 21:26:00;2025-07-30 14:40:00;176.0;1;0.7183150183150182;0.0;12.0;43.0;1.0;;;;;;;;;1;3;4;-8.833224;2026-01-22 21:26:00;2026-02-01 04:00:09.420776370;9.0;2026-01-22 21:26:00;6.0
$XAVG001643$;$XAVG001643$;contrat_adex;cyan;1;29;-0.3039;1.0;3.3;2026-01-25 14:40:00;2026-01-28;1;2026-01-27;True;2;180.0;272;2026-01-25 14:40:00;2025-04-29 14:35:00;271.0;1;0.3340675477239354;0.0;5.0;49.0;1.0;;;;;;;;;1;6;4;-1.0521997;2026-01-25 14:40:00;2026-01-26 22:44:49.944076536;1.0;2026-01-25 14:40:00;0.0
$XBRT001472$;$XBRT001472$;contrat_adex;yellow;1;29;-0.4759;7.0;14.7;2026-01-25 14:30:00;2026-02-09;-11;2026-02-20;False;2;178.0;256;2026-01-25 14:30:00;2025-05-15 14:30:00;255.0;1;0.35233918128654973;0.0;4.0;62.5;1.0;;;;;;;;;1;6;4;-7.6817346;2026-01-25 14:30:00;2026-02-01 07:38:18.133850095;6.0;2026-01-25 14:30:00;6.0
$XBRT001484$;$XBRT001484$;contrat_adex;black;2;29;-0.8787;11.0;12.5;2026-01-25 14:30:00;2026-02-07;0;2026-02-07;False;3;118.66666666666667;201;2026-01-25 14:30:00;2025-09-30 14:30:00;117.0;1;0.6341538461538462;0.0;6.0;73.33333333333333;1.0;;;;;;;;;1;6;4;-1.1853291;2026-01-25 14:30:00;2026-02-05 19:33:07.567520141;11.0;2026-01-25 14:30:00;10.0
$XBRT002848$;$XBRT002848$;contrat_adex;black;0;29;-0.3159;1.0;3.2;2026-01-25 14:32:00;2026-01-28;0;2026-01-28;True;1;225.0;225;2026-01-25 14:32:00;;;0;0.425;0.0;2.0;95.0;1.0;;;;;;;;;1;6;4;-5.072679;2026-01-25 14:32:00;2026-01-22 22:15:20.530700681;0.0;2026-01-25 14:32:00;0.0
$XBRT002852$;$XBRT002852$;contrat_adex;black;0;29;-0.1152;1.0;8.7;2026-01-25 14:32:00;2026-02-03;0;2026-02-03;False;1;225.0;225;2026-01-25 14:32:00;;;0;0.1;0.0;1.0;23.0;1.0;;;;;;;;;1;6;4;-10.3015785;2026-01-25 14:32:00;2026-01-23 16:45:43.615722658;0.0;2026-01-25 14:32:00;0.0
$XBS5000186$;$XBS5000186$;contrat_adex;black;6;29;-1.6697;1.0;0.6;2026-01-25 14:32:00;2026-01-26;0;2026-01-26;True;7;32.0;59;2026-01-25 14:32:00;2025-12-10 14:32:00;46.0;1;2.6113744075829386;2.0;10.0;80.85714285714286;1.0;;;;;;;;;1;6;4;0.31087238;2026-01-25 14:32:00;2026-01-26 07:27:39.373283384;0.0;2026-01-25 14:32:00;0.0
$XC76021814$;$XC76021814$;contrat_adex;black;2;29;-0.3106;1.0;3.2;2026-01-25 14:32:00;2026-01-28;0;2026-01-28;True;3;75.0;192;2026-01-25 14:32:00;2025-07-18 14:31:00;191.0;1;0.8197530864197531;1.0;9.0;57.0;1.0;;;;;;;;;1;6;4;-0.94676685;2026-01-25 14:32:00;2026-01-27 01:16:39.343872072;1.0;2026-01-25 14:32:00;1.0
$XCUX024857$;$XCUX024857$;contrat_adex;black;1;88;-0.8857;1.0;1.1;2025-11-27 09:00:00;2025-11-28;0;2025-11-28;True;2;38.0;65;2025-11-27 09:00:00;2025-09-23 13:01:00;64.0;1;1.2280701754385965;0.0;6.0;45.5;1.0;;;;;;;;;11;3;48;-0.9773841;2025-11-27 09:00:00;2025-11-27 00:32:34.014587401;0.0;2025-11-27 09:00:00;0.0
$XCUX024857$;$XCUX024857$;contrat_adex;cyan;1;88;-0.9217;20.0;21.7;2025-11-27 09:00:00;2025-12-19;1;2025-12-18;False;2;38.0;65;2025-11-27 09:00:00;2025-09-23 13:01:00;64.0;1;1.0526315789473684;1.0;9.0;39.0;1.0;;;;;;;;;11;3;48;-0.36982402;2025-11-27 09:00:00;2025-12-18 15:07:27.204494474;21.0;2025-11-27 09:00:00;0.0
$XCUX039818$;$XCUX039818$;contrat_adex;magenta;1;29;-1.1226;17.0;15.1;2026-01-25 14:23:00;2026-02-09;-8;2026-02-17;False;2;50.5;89;2026-01-25 14:23:00;2025-10-29 13:01:00;88.0;1;0.859375;1.0;4.0;40.5;1.0;;;;;;;;;1;6;4;-4.6556;2026-01-25 14:23:00;2026-02-04 08:15:56.153869627;9.0;2026-01-25 14:23:00;9.0
